contestSlug,contestTitle,date,problemCount,titleSlug,questionFrontendId,title,difficulty,acRate
warm-up-contest,Warm Up Contest,2016-08-21,3,lexicographical-numbers,386,Lexicographical Numbers,Medium,76.3
warm-up-contest,Warm Up Contest,2016-08-21,3,first-unique-character-in-a-string,387,First Unique Character in a String,Easy,65.9
warm-up-contest,Warm Up Contest,2016-08-21,3,longest-absolute-file-path,388,Longest Absolute File Path,Medium,49.7
leetcode-weekly-contest-2,Weekly Contest 2,2016-08-28,3,find-the-difference,389,Find the Difference,Easy,60.5
leetcode-weekly-contest-2,Weekly Contest 2,2016-08-28,3,elimination-game,390,Elimination Game,Medium,46.5
leetcode-weekly-contest-2,Weekly Contest 2,2016-08-28,3,perfect-rectangle,391,Perfect Rectangle,Hard,38.6
leetcode-weekly-contest-3,Weekly Contest 3,2016-09-04,4,is-subsequence,392,Is Subsequence,Easy,49.3
leetcode-weekly-contest-3,Weekly Contest 3,2016-09-04,4,utf-8-validation,393,UTF-8 Validation,Medium,46.4
leetcode-weekly-contest-3,Weekly Contest 3,2016-09-04,4,decode-string,394,Decode String,Medium,63.0
leetcode-weekly-contest-3,Weekly Contest 3,2016-09-04,4,longest-substring-with-at-least-k-repeating-characters,395,Longest Substring with At Least K Repeating Characters,Medium,46.5
leetcode-weekly-contest-4,Weekly Contest 4,2016-09-11,4,rotate-function,396,Rotate Function,Medium,54.2
leetcode-weekly-contest-4,Weekly Contest 4,2016-09-11,4,integer-replacement,397,Integer Replacement,Medium,37.8
leetcode-weekly-contest-4,Weekly Contest 4,2016-09-11,4,random-pick-index,398,Random Pick Index,Medium,65.1
leetcode-weekly-contest-4,Weekly Contest 4,2016-09-11,4,evaluate-division,399,Evaluate Division,Medium,64.4
leetcode-weekly-contest-5,Weekly Contest 5,2016-09-18,4,nth-digit,400,Nth Digit,Medium,38.6
leetcode-weekly-contest-5,Weekly Contest 5,2016-09-18,4,binary-watch,401,Binary Watch,Easy,65.9
leetcode-weekly-contest-5,Weekly Contest 5,2016-09-18,4,remove-k-digits,402,Remove K Digits,Medium,37.3
leetcode-weekly-contest-5,Weekly Contest 5,2016-09-18,4,frog-jump,403,Frog Jump,Hard,47.5
leetcode-weekly-contest-6,Weekly Contest 6,2016-09-25,4,sum-of-left-leaves,404,Sum of Left Leaves,Easy,63.0
leetcode-weekly-contest-6,Weekly Contest 6,2016-09-25,4,convert-a-number-to-hexadecimal,405,Convert a Number to Hexadecimal,Easy,54.6
leetcode-weekly-contest-6,Weekly Contest 6,2016-09-25,4,queue-reconstruction-by-height,406,Queue Reconstruction by Height,Medium,74.9
leetcode-weekly-contest-6,Weekly Contest 6,2016-09-25,4,trapping-rain-water-ii,407,Trapping Rain Water II,Hard,64.1
leetcode-weekly-contest-7,Weekly Contest 7,2016-10-02,4,valid-word-abbreviation,408,Valid Word Abbreviation,Easy,37.0
leetcode-weekly-contest-7,Weekly Contest 7,2016-10-02,4,longest-palindrome,409,Longest Palindrome,Easy,56.1
leetcode-weekly-contest-7,Weekly Contest 7,2016-10-02,4,split-array-largest-sum,410,Split Array Largest Sum,Hard,61.0
leetcode-weekly-contest-7,Weekly Contest 7,2016-10-02,4,minimum-unique-word-abbreviation,411,Minimum Unique Word Abbreviation,Hard,40.6
leetcode-weekly-contest-8,Weekly Contest 8,2016-10-09,4,add-strings,415,Add Strings,Easy,52.2
leetcode-weekly-contest-8,Weekly Contest 8,2016-10-09,4,partition-equal-subset-sum,416,Partition Equal Subset Sum,Medium,49.8
leetcode-weekly-contest-8,Weekly Contest 8,2016-10-09,4,pacific-atlantic-water-flow,417,Pacific Atlantic Water Flow,Medium,61.3
leetcode-weekly-contest-8,Weekly Contest 8,2016-10-09,4,sentence-screen-fitting,418,Sentence Screen Fitting,Medium,36.4
leetcode-weekly-contest-9,Weekly Contest 9,2016-10-16,4,valid-word-square,422,Valid Word Square,Easy,42.9
leetcode-weekly-contest-9,Weekly Contest 9,2016-10-16,4,reconstruct-original-digits-from-english,423,Reconstruct Original Digits from English,Medium,53.1
leetcode-weekly-contest-9,Weekly Contest 9,2016-10-16,4,longest-repeating-character-replacement,424,Longest Repeating Character Replacement,Medium,60.2
leetcode-weekly-contest-9,Weekly Contest 9,2016-10-16,4,word-squares,425,Word Squares,Hard,54.7
smarking-algorithm-contest,Smarking Algorithm Contest,2016-10-23,4,path-sum-iii,437,Path Sum III,Medium,46.5
smarking-algorithm-contest,Smarking Algorithm Contest,2016-10-23,4,find-all-anagrams-in-a-string,438,Find All Anagrams in a String,Medium,54.2
smarking-algorithm-contest,Smarking Algorithm Contest,2016-10-23,4,ternary-expression-parser,439,Ternary Expression Parser,Medium,62.7
smarking-algorithm-contest,Smarking Algorithm Contest,2016-10-23,4,k-th-smallest-in-lexicographical-order,440,K-th Smallest in Lexicographical Order,Hard,46.4
smarking-algorithm-contest-2,Smarking Algorithm Contest 2,2016-10-30,4,non-overlapping-intervals,435,Non-overlapping Intervals,Medium,57.5
smarking-algorithm-contest-2,Smarking Algorithm Contest 2,2016-10-30,4,find-right-interval,436,Find Right Interval,Medium,56.2
smarking-algorithm-contest-2,Smarking Algorithm Contest 2,2016-10-30,4,arranging-coins,441,Arranging Coins,Easy,48.4
smarking-algorithm-contest-2,Smarking Algorithm Contest 2,2016-10-30,4,sequence-reconstruction,444,Sequence Reconstruction,Medium,31.0
smarking-algorithm-contest-3,Smarking Algorithm Contest 3,2016-11-06,4,minimum-moves-to-equal-array-elements,453,Minimum Moves to Equal Array Elements,Medium,58.9
smarking-algorithm-contest-3,Smarking Algorithm Contest 3,2016-11-06,4,number-of-boomerangs,447,Number of Boomerangs,Medium,57.8
smarking-algorithm-contest-3,Smarking Algorithm Contest 3,2016-11-06,4,minimum-number-of-arrows-to-burst-balloons,452,Minimum Number of Arrows to Burst Balloons,Medium,61.7
smarking-algorithm-contest-3,Smarking Algorithm Contest 3,2016-11-06,4,arithmetic-slices-ii-subsequence,446,Arithmetic Slices II - Subsequence,Hard,55.1
smarking-algorithm-contest-4,Smarking Algorithm Contest 4,2016-11-13,4,assign-cookies,455,Assign Cookies,Easy,55.3
smarking-algorithm-contest-4,Smarking Algorithm Contest 4,2016-11-13,4,repeated-substring-pattern,459,Repeated Substring Pattern,Easy,48.6
smarking-algorithm-contest-4,Smarking Algorithm Contest 4,2016-11-13,4,4sum-ii,454,4Sum II,Medium,58.1
smarking-algorithm-contest-4,Smarking Algorithm Contest 4,2016-11-13,4,132-pattern,456,132 Pattern,Medium,35.0
leetcode-weekly-contest-10,Weekly Contest 10,2016-11-20,4,island-perimeter,463,Island Perimeter,Easy,74.3
leetcode-weekly-contest-10,Weekly Contest 10,2016-11-20,4,can-i-win,464,Can I Win,Medium,31.6
leetcode-weekly-contest-10,Weekly Contest 10,2016-11-20,4,minimum-moves-to-equal-array-elements-ii,462,Minimum Moves to Equal Array Elements II,Medium,62.2
leetcode-weekly-contest-10,Weekly Contest 10,2016-11-20,4,optimal-account-balancing,465,Optimal Account Balancing,Hard,50.6
leetcode-weekly-contest-11,Weekly Contest 11,2016-12-04,4,number-of-segments-in-a-string,434,Number of Segments in a String,Easy,37.6
leetcode-weekly-contest-11,Weekly Contest 11,2016-12-04,4,convex-polygon,469,Convex Polygon,Medium,40.3
leetcode-weekly-contest-11,Weekly Contest 11,2016-12-04,4,unique-substrings-in-wraparound-string,467,Unique Substrings in Wraparound String,Medium,43.5
leetcode-weekly-contest-11,Weekly Contest 11,2016-12-04,4,count-the-repetitions,466,Count The Repetitions,Hard,35.3
leetcode-weekly-contest-12,Weekly Contest 12,2016-12-11,4,heaters,475,Heaters,Medium,42.3
leetcode-weekly-contest-12,Weekly Contest 12,2016-12-11,4,validate-ip-address,468,Validate IP Address,Medium,28.4
leetcode-weekly-contest-12,Weekly Contest 12,2016-12-11,4,ones-and-zeroes,474,Ones and Zeroes,Medium,53.6
leetcode-weekly-contest-12,Weekly Contest 12,2016-12-11,4,encode-string-with-shortest-length,471,Encode String with Shortest Length,Hard,50.6
leetcode-weekly-contest-13,Weekly Contest 13,2016-12-18,4,hamming-distance,461,Hamming Distance,Easy,76.9
leetcode-weekly-contest-13,Weekly Contest 13,2016-12-18,4,total-hamming-distance,477,Total Hamming Distance,Medium,55.2
leetcode-weekly-contest-13,Weekly Contest 13,2016-12-18,4,matchsticks-to-square,473,Matchsticks to Square,Medium,42.1
leetcode-weekly-contest-13,Weekly Contest 13,2016-12-18,4,concatenated-words,472,Concatenated Words,Hard,49.9
leetcode-weekly-contest-14,Weekly Contest 14,2017-01-08,4,number-complement,476,Number Complement,Easy,70.5
leetcode-weekly-contest-14,Weekly Contest 14,2017-01-08,4,magical-string,481,Magical String,Medium,55.9
leetcode-weekly-contest-14,Weekly Contest 14,2017-01-08,4,license-key-formatting,482,License Key Formatting,Easy,46.3
leetcode-weekly-contest-14,Weekly Contest 14,2017-01-08,4,sliding-window-median,480,Sliding Window Median,Hard,39.1
leetcode-weekly-contest-15,Weekly Contest 15,2017-01-15,3,max-consecutive-ones,485,Max Consecutive Ones,Easy,65.7
leetcode-weekly-contest-15,Weekly Contest 15,2017-01-15,3,max-consecutive-ones-ii,487,Max Consecutive Ones II,Medium,52.1
leetcode-weekly-contest-15,Weekly Contest 15,2017-01-15,3,zuma-game,488,Zuma Game,Hard,29.4
leetcode-weekly-contest-16a,Weekly Contest 16A,2017-01-21,3,find-permutation,484,Find Permutation,Medium,66.7
leetcode-weekly-contest-16a,Weekly Contest 16A,2017-01-21,3,target-sum,494,Target Sum,Medium,52.6
leetcode-weekly-contest-16a,Weekly Contest 16A,2017-01-21,3,non-decreasing-subsequences,491,Non-decreasing Subsequences,Medium,62.9
leetcode-weekly-contest-16b,Weekly Contest 16B,2017-01-22,3,construct-the-rectangle,492,Construct the Rectangle,Easy,64.3
leetcode-weekly-contest-16b,Weekly Contest 16B,2017-01-22,3,predict-the-winner,486,Predict the Winner,Medium,56.4
leetcode-weekly-contest-16b,Weekly Contest 16B,2017-01-22,3,smallest-good-base,483,Smallest Good Base,Hard,46.8
leetcode-weekly-contest-17,Weekly Contest 17,2017-01-29,3,find-mode-in-binary-search-tree,501,Find Mode in Binary Search Tree,Easy,59.2
leetcode-weekly-contest-17,Weekly Contest 17,2017-01-29,3,teemo-attacking,495,Teemo Attacking,Easy,57.9
leetcode-weekly-contest-17,Weekly Contest 17,2017-01-29,3,the-maze-iii,499,The Maze III,Hard,52.6
leetcode-weekly-contest-18a,Weekly Contest 18A,2017-02-04,3,keyboard-row,500,Keyboard Row,Easy,74.2
leetcode-weekly-contest-18a,Weekly Contest 18A,2017-02-04,3,most-frequent-subtree-sum,508,Most Frequent Subtree Sum,Medium,69.5
leetcode-weekly-contest-18a,Weekly Contest 18A,2017-02-04,3,ipo,502,IPO,Hard,53.7
leetcode-weekly-contest-18b,Weekly Contest 18B,2017-02-05,4,next-greater-element-i,496,Next Greater Element I,Easy,76.6
leetcode-weekly-contest-18b,Weekly Contest 18B,2017-02-05,4,relative-ranks,506,Relative Ranks,Easy,75.0
leetcode-weekly-contest-18b,Weekly Contest 18B,2017-02-05,4,next-greater-element-ii,503,Next Greater Element II,Medium,68.8
leetcode-weekly-contest-18b,Weekly Contest 18B,2017-02-05,4,diagonal-traverse,498,Diagonal Traverse,Medium,67.3
leetcode-weekly-contest-19,Weekly Contest 19,2017-02-12,4,base-7,504,Base 7,Easy,54.9
leetcode-weekly-contest-19,Weekly Contest 19,2017-02-12,4,find-bottom-left-tree-value,513,Find Bottom Left Tree Value,Medium,72.5
leetcode-weekly-contest-19,Weekly Contest 19,2017-02-12,4,find-largest-value-in-each-tree-row,515,Find Largest Value in Each Tree Row,Medium,66.3
leetcode-weekly-contest-19,Weekly Contest 19,2017-02-12,4,reverse-pairs,493,Reverse Pairs,Hard,34.8
leetcode-weekly-contest-20,Weekly Contest 20,2017-02-19,4,detect-capital,520,Detect Capital,Easy,56.9
leetcode-weekly-contest-20,Weekly Contest 20,2017-02-19,4,beautiful-arrangement,526,Beautiful Arrangement,Medium,64.9
leetcode-weekly-contest-20,Weekly Contest 20,2017-02-19,4,contiguous-array,525,Contiguous Array,Medium,51.9
leetcode-weekly-contest-20,Weekly Contest 20,2017-02-19,4,super-washing-machines,517,Super Washing Machines,Hard,44.9
leetcode-weekly-contest-21,Weekly Contest 21,2017-02-26,4,minimum-absolute-difference-in-bst,530,Minimum Absolute Difference in BST,Easy,59.6
leetcode-weekly-contest-21,Weekly Contest 21,2017-02-26,4,continuous-subarray-sum,523,Continuous Subarray Sum,Medium,31.5
leetcode-weekly-contest-21,Weekly Contest 21,2017-02-26,4,longest-word-in-dictionary-through-deleting,524,Longest Word in Dictionary through Deleting,Medium,52.9
leetcode-weekly-contest-21,Weekly Contest 21,2017-02-26,4,minesweeper,529,Minesweeper,Medium,68.8
leetcode-weekly-contest-22,Weekly Contest 22,2017-03-05,4,k-diff-pairs-in-an-array,532,K-diff Pairs in an Array,Medium,46.2
leetcode-weekly-contest-22,Weekly Contest 22,2017-03-05,4,lonely-pixel-i,531,Lonely Pixel I,Medium,62.7
leetcode-weekly-contest-22,Weekly Contest 22,2017-03-05,4,lonely-pixel-ii,533,Lonely Pixel II,Medium,48.9
leetcode-weekly-contest-22,Weekly Contest 22,2017-03-05,4,freedom-trail,514,Freedom Trail,Hard,59.4
leetcode-weekly-contest-23,Weekly Contest 23,2017-03-12,4,reverse-string-ii,541,Reverse String II,Easy,54.2
leetcode-weekly-contest-23,Weekly Contest 23,2017-03-12,4,minimum-time-difference,539,Minimum Time Difference,Medium,62.6
leetcode-weekly-contest-23,Weekly Contest 23,2017-03-12,4,construct-binary-tree-from-string,536,Construct Binary Tree from String,Medium,58.7
leetcode-weekly-contest-23,Weekly Contest 23,2017-03-12,4,word-abbreviation,527,Word Abbreviation,Hard,62.8
leetcode-weekly-contest-24,Weekly Contest 24,2017-03-19,4,diameter-of-binary-tree,543,Diameter of Binary Tree,Easy,66.0
leetcode-weekly-contest-24,Weekly Contest 24,2017-03-19,4,convert-bst-to-greater-tree,538,Convert BST to Greater Tree,Medium,71.8
leetcode-weekly-contest-24,Weekly Contest 24,2017-03-19,4,01-matrix,542,01 Matrix,Medium,54.5
leetcode-weekly-contest-24,Weekly Contest 24,2017-03-19,4,output-contest-matches,544,Output Contest Matches,Medium,77.5
leetcode-weekly-contest-25,Weekly Contest 25,2017-03-26,4,perfect-number,507,Perfect Number,Easy,49.5
leetcode-weekly-contest-25,Weekly Contest 25,2017-03-26,4,complex-number-multiplication,537,Complex Number Multiplication,Medium,73.7
leetcode-weekly-contest-25,Weekly Contest 25,2017-03-26,4,boundary-of-binary-tree,545,Boundary of Binary Tree,Medium,48.2
leetcode-weekly-contest-25,Weekly Contest 25,2017-03-26,4,remove-boxes,546,Remove Boxes,Hard,49.6
leetcode-weekly-contest-26,Weekly Contest 26,2017-04-02,4,longest-uncommon-subsequence-i,521,Longest Uncommon Subsequence I,Easy,62.5
leetcode-weekly-contest-26,Weekly Contest 26,2017-04-02,4,longest-uncommon-subsequence-ii,522,Longest Uncommon Subsequence II,Medium,45.3
leetcode-weekly-contest-26,Weekly Contest 26,2017-04-02,4,number-of-provinces,547,Number of Provinces,Medium,70.8
leetcode-weekly-contest-26,Weekly Contest 26,2017-04-02,4,split-array-with-equal-sum,548,Split Array with Equal Sum,Hard,50.1
leetcode-weekly-contest-27,Weekly Contest 27,2017-04-09,4,reverse-words-in-a-string-iii,557,Reverse Words in a String III,Easy,84.1
leetcode-weekly-contest-27,Weekly Contest 27,2017-04-09,4,brick-wall,554,Brick Wall,Medium,56.1
leetcode-weekly-contest-27,Weekly Contest 27,2017-04-09,4,next-greater-element-iii,556,Next Greater Element III,Medium,35.5
leetcode-weekly-contest-27,Weekly Contest 27,2017-04-09,4,binary-tree-longest-consecutive-sequence-ii,549,Binary Tree Longest Consecutive Sequence II,Medium,50.2
leetcode-weekly-contest-28,Weekly Contest 28,2017-04-16,4,student-attendance-record-i,551,Student Attendance Record I,Easy,50.4
leetcode-weekly-contest-28,Weekly Contest 28,2017-04-16,4,optimal-division,553,Optimal Division,Medium,63.3
leetcode-weekly-contest-28,Weekly Contest 28,2017-04-16,4,split-concatenated-strings,555,Split Concatenated Strings,Medium,43.6
leetcode-weekly-contest-28,Weekly Contest 28,2017-04-16,4,student-attendance-record-ii,552,Student Attendance Record II,Hard,56.8
leetcode-weekly-contest-29,Weekly Contest 29,2017-04-23,4,binary-tree-tilt,563,Binary Tree Tilt,Easy,66.2
leetcode-weekly-contest-29,Weekly Contest 29,2017-04-23,4,array-partition,561,Array Partition,Easy,82.0
leetcode-weekly-contest-29,Weekly Contest 29,2017-04-23,4,longest-line-of-consecutive-one-in-matrix,562,Longest Line of Consecutive One in Matrix,Medium,50.6
leetcode-weekly-contest-29,Weekly Contest 29,2017-04-23,4,find-the-closest-palindrome,564,Find the Closest Palindrome,Hard,32.0
leetcode-weekly-contest-30,Weekly Contest 30,2017-04-30,4,reshape-the-matrix,566,Reshape the Matrix,Easy,65.2
leetcode-weekly-contest-30,Weekly Contest 30,2017-04-30,4,subarray-sum-equals-k,560,Subarray Sum Equals K,Medium,47.8
leetcode-weekly-contest-30,Weekly Contest 30,2017-04-30,4,permutation-in-string,567,Permutation in String,Medium,49.4
leetcode-weekly-contest-30,Weekly Contest 30,2017-04-30,4,maximum-vacation-days,568,Maximum Vacation Days,Hard,46.8
leetcode-weekly-contest-31,Weekly Contest 31,2017-05-07,4,distribute-candies,575,Distribute Candies,Easy,71.4
leetcode-weekly-contest-31,Weekly Contest 31,2017-05-07,4,subtree-of-another-tree,572,Subtree of Another Tree,Easy,51.9
leetcode-weekly-contest-31,Weekly Contest 31,2017-05-07,4,squirrel-simulation,573,Squirrel Simulation,Medium,57.4
leetcode-weekly-contest-31,Weekly Contest 31,2017-05-07,4,out-of-boundary-paths,576,Out of Boundary Paths,Medium,48.5
leetcode-weekly-contest-32,Weekly Contest 32,2017-05-14,4,shortest-unsorted-continuous-subarray,581,Shortest Unsorted Continuous Subarray,Medium,38.5
leetcode-weekly-contest-32,Weekly Contest 32,2017-05-14,4,kill-process,582,Kill Process,Medium,70.7
leetcode-weekly-contest-32,Weekly Contest 32,2017-05-14,4,delete-operation-for-two-strings,583,Delete Operation for Two Strings,Medium,66.0
leetcode-weekly-contest-32,Weekly Contest 32,2017-05-14,4,erect-the-fence,587,Erect the Fence,Hard,53.2
leetcode-weekly-contest-33,Weekly Contest 33,2017-05-21,4,longest-harmonious-subsequence,594,Longest Harmonious Subsequence,Easy,64.9
leetcode-weekly-contest-33,Weekly Contest 33,2017-05-21,4,valid-square,593,Valid Square,Medium,45.3
leetcode-weekly-contest-33,Weekly Contest 33,2017-05-21,4,fraction-addition-and-subtraction,592,Fraction Addition and Subtraction,Medium,66.5
leetcode-weekly-contest-33,Weekly Contest 33,2017-05-21,4,design-in-memory-file-system,588,Design In-Memory File System,Hard,48.3
leetcode-weekly-contest-34,Weekly Contest 34,2017-05-28,4,range-addition-ii,598,Range Addition II,Easy,59.0
leetcode-weekly-contest-34,Weekly Contest 34,2017-05-28,4,minimum-index-sum-of-two-lists,599,Minimum Index Sum of Two Lists,Easy,60.2
leetcode-weekly-contest-34,Weekly Contest 34,2017-05-28,4,array-nesting,565,Array Nesting,Medium,56.8
leetcode-weekly-contest-34,Weekly Contest 34,2017-05-28,4,non-negative-integers-without-consecutive-ones,600,Non-negative Integers without Consecutive Ones,Hard,42.8
leetcode-weekly-contest-35,Weekly Contest 35,2017-06-04,4,can-place-flowers,605,Can Place Flowers,Easy,29.2
leetcode-weekly-contest-35,Weekly Contest 35,2017-06-04,4,construct-string-from-binary-tree,606,Construct String from Binary Tree,Medium,70.8
leetcode-weekly-contest-35,Weekly Contest 35,2017-06-04,4,find-duplicate-file-in-system,609,Find Duplicate File in System,Medium,67.5
leetcode-weekly-contest-35,Weekly Contest 35,2017-06-04,4,tag-validator,591,Tag Validator,Hard,41.0
leetcode-weekly-contest-36,Weekly Contest 36,2017-06-11,4,merge-two-binary-trees,617,Merge Two Binary Trees,Easy,79.1
leetcode-weekly-contest-36,Weekly Contest 36,2017-06-11,4,design-compressed-string-iterator,604,Design Compressed String Iterator,Easy,40.5
leetcode-weekly-contest-36,Weekly Contest 36,2017-06-11,4,valid-triangle-number,611,Valid Triangle Number,Medium,57.1
leetcode-weekly-contest-36,Weekly Contest 36,2017-06-11,4,add-bold-tag-in-string,616,Add Bold Tag in String,Medium,51.5
leetcode-weekly-contest-37,Weekly Contest 37,2017-06-18,4,maximum-distance-in-arrays,624,Maximum Distance in Arrays,Medium,45.6
leetcode-weekly-contest-37,Weekly Contest 37,2017-06-18,4,add-one-row-to-tree,623,Add One Row to Tree,Medium,64.2
leetcode-weekly-contest-37,Weekly Contest 37,2017-06-18,4,minimum-factorization,625,Minimum Factorization,Medium,34.1
leetcode-weekly-contest-37,Weekly Contest 37,2017-06-18,4,task-scheduler,621,Task Scheduler,Medium,63.5
leetcode-weekly-contest-38,Weekly Contest 38,2017-06-25,4,maximum-product-of-three-numbers,628,Maximum Product of Three Numbers,Easy,48.1
leetcode-weekly-contest-38,Weekly Contest 38,2017-06-25,4,course-schedule-iii,630,Course Schedule III,Hard,41.9
leetcode-weekly-contest-38,Weekly Contest 38,2017-06-25,4,k-inverse-pairs-array,629,K Inverse Pairs Array,Hard,49.0
leetcode-weekly-contest-38,Weekly Contest 38,2017-06-25,4,design-excel-sum-formula,631,Design Excel Sum Formula,Hard,39.6
leetcode-weekly-contest-39,Weekly Contest 39,2017-07-02,4,sum-of-square-numbers,633,Sum of Square Numbers,Medium,37.0
leetcode-weekly-contest-39,Weekly Contest 39,2017-07-02,4,design-log-storage-system,635,Design Log Storage System,Medium,59.7
leetcode-weekly-contest-39,Weekly Contest 39,2017-07-02,4,find-the-derangement-of-an-array,634,Find the Derangement of An Array,Medium,41.7
leetcode-weekly-contest-39,Weekly Contest 39,2017-07-02,4,smallest-range-covering-elements-from-k-lists,632,Smallest Range Covering Elements from K Lists,Hard,70.3
leetcode-weekly-contest-40,Weekly Contest 40,2017-07-09,4,average-of-levels-in-binary-tree,637,Average of Levels in Binary Tree,Easy,75.1
leetcode-weekly-contest-40,Weekly Contest 40,2017-07-09,4,solve-the-equation,640,Solve the Equation,Medium,46.4
leetcode-weekly-contest-40,Weekly Contest 40,2017-07-09,4,shopping-offers,638,Shopping Offers,Medium,52.6
leetcode-weekly-contest-40,Weekly Contest 40,2017-07-09,4,decode-ways-ii,639,Decode Ways II,Hard,32.1
leetcode-weekly-contest-41,Weekly Contest 41,2017-07-16,4,maximum-average-subarray-i,643,Maximum Average Subarray I,Easy,48.6
leetcode-weekly-contest-41,Weekly Contest 41,2017-07-16,4,exclusive-time-of-functions,636,Exclusive Time of Functions,Medium,66.3
leetcode-weekly-contest-41,Weekly Contest 41,2017-07-16,4,maximum-average-subarray-ii,644,Maximum Average Subarray II,Hard,37.8
leetcode-weekly-contest-41,Weekly Contest 41,2017-07-16,4,design-search-autocomplete-system,642,Design Search Autocomplete System,Hard,50.0
leetcode-weekly-contest-42,Weekly Contest 42,2017-07-23,4,set-mismatch,645,Set Mismatch,Easy,43.4
leetcode-weekly-contest-42,Weekly Contest 42,2017-07-23,4,maximum-length-of-pair-chain,646,Maximum Length of Pair Chain,Medium,62.0
leetcode-weekly-contest-42,Weekly Contest 42,2017-07-23,4,palindromic-substrings,647,Palindromic Substrings,Medium,73.0
leetcode-weekly-contest-42,Weekly Contest 42,2017-07-23,4,replace-words,648,Replace Words,Medium,68.9
leetcode-weekly-contest-43,Weekly Contest 43,2017-07-30,4,find-duplicate-subtrees,652,Find Duplicate Subtrees,Medium,60.8
leetcode-weekly-contest-43,Weekly Contest 43,2017-07-30,4,2-keys-keyboard,650,2 Keys Keyboard,Medium,59.4
leetcode-weekly-contest-43,Weekly Contest 43,2017-07-30,4,dota2-senate,649,Dota2 Senate,Medium,50.3
leetcode-weekly-contest-43,Weekly Contest 43,2017-07-30,4,4-keys-keyboard,651,4 Keys Keyboard,Medium,56.5
leetcode-weekly-contest-44,Weekly Contest 44,2017-08-06,4,two-sum-iv-input-is-a-bst,653,Two Sum IV - Input is a BST,Easy,63.5
leetcode-weekly-contest-44,Weekly Contest 44,2017-08-06,4,maximum-binary-tree,654,Maximum Binary Tree,Medium,86.4
leetcode-weekly-contest-44,Weekly Contest 44,2017-08-06,4,print-binary-tree,655,Print Binary Tree,Medium,66.8
leetcode-weekly-contest-44,Weekly Contest 44,2017-08-06,4,coin-path,656,Coin Path,Hard,34.4
leetcode-weekly-contest-45,Weekly Contest 45,2017-08-13,4,robot-return-to-origin,657,Robot Return to Origin,Easy,78.2
leetcode-weekly-contest-45,Weekly Contest 45,2017-08-13,4,find-k-closest-elements,658,Find K Closest Elements,Medium,49.9
leetcode-weekly-contest-45,Weekly Contest 45,2017-08-13,4,split-array-into-consecutive-subsequences,659,Split Array into Consecutive Subsequences,Medium,52.4
leetcode-weekly-contest-45,Weekly Contest 45,2017-08-13,4,remove-9,660,Remove 9,Hard,57.5
leetcode-weekly-contest-46,Weekly Contest 46,2017-08-20,4,image-smoother,661,Image Smoother,Easy,69.4
leetcode-weekly-contest-46,Weekly Contest 46,2017-08-20,4,maximum-width-of-binary-tree,662,Maximum Width of Binary Tree,Medium,45.9
leetcode-weekly-contest-46,Weekly Contest 46,2017-08-20,4,equal-tree-partition,663,Equal Tree Partition,Medium,42.3
leetcode-weekly-contest-46,Weekly Contest 46,2017-08-20,4,strange-printer,664,Strange Printer,Hard,60.9
leetcode-weekly-contest-47,Weekly Contest 47,2017-08-27,4,non-decreasing-array,665,Non-decreasing Array,Medium,25.5
leetcode-weekly-contest-47,Weekly Contest 47,2017-08-27,4,path-sum-iv,666,Path Sum IV,Medium,62.9
leetcode-weekly-contest-47,Weekly Contest 47,2017-08-27,4,beautiful-arrangement-ii,667,Beautiful Arrangement II,Medium,61.2
leetcode-weekly-contest-47,Weekly Contest 47,2017-08-27,4,kth-smallest-number-in-multiplication-table,668,Kth Smallest Number in Multiplication Table,Hard,54.5
leetcode-weekly-contest-48,Weekly Contest 48,2017-09-03,4,second-minimum-node-in-a-binary-tree,671,Second Minimum Node In a Binary Tree,Easy,46.3
leetcode-weekly-contest-48,Weekly Contest 48,2017-09-03,4,trim-a-binary-search-tree,669,Trim a Binary Search Tree,Medium,66.8
leetcode-weekly-contest-48,Weekly Contest 48,2017-09-03,4,maximum-swap,670,Maximum Swap,Medium,52.1
leetcode-weekly-contest-48,Weekly Contest 48,2017-09-03,4,bulb-switcher-ii,672,Bulb Switcher II,Medium,50.4
leetcode-weekly-contest-49,Weekly Contest 49,2017-09-10,4,longest-continuous-increasing-subsequence,674,Longest Continuous Increasing Subsequence,Easy,52.2
leetcode-weekly-contest-49,Weekly Contest 49,2017-09-10,4,implement-magic-dictionary,676,Implement Magic Dictionary,Medium,58.0
leetcode-weekly-contest-49,Weekly Contest 49,2017-09-10,4,cut-off-trees-for-golf-event,675,Cut Off Trees for Golf Event,Hard,36.6
leetcode-weekly-contest-49,Weekly Contest 49,2017-09-10,4,number-of-longest-increasing-subsequence,673,Number of Longest Increasing Subsequence,Medium,52.4
leetcode-weekly-contest-50,Weekly Contest 50,2017-09-17,4,valid-palindrome-ii,680,Valid Palindrome II,Easy,44.5
leetcode-weekly-contest-50,Weekly Contest 50,2017-09-17,4,map-sum-pairs,677,Map Sum Pairs,Medium,57.3
leetcode-weekly-contest-50,Weekly Contest 50,2017-09-17,4,valid-parenthesis-string,678,Valid Parenthesis String,Medium,40.3
leetcode-weekly-contest-50,Weekly Contest 50,2017-09-17,4,24-game,679,24 Game,Hard,59.6
leetcode-weekly-contest-51,Weekly Contest 51,2017-09-24,4,baseball-game,682,Baseball Game,Easy,80.9
leetcode-weekly-contest-51,Weekly Contest 51,2017-09-24,4,next-closest-time,681,Next Closest Time,Medium,47.0
leetcode-weekly-contest-51,Weekly Contest 51,2017-09-24,4,redundant-connection,684,Redundant Connection,Medium,68.0
leetcode-weekly-contest-51,Weekly Contest 51,2017-09-24,4,k-empty-slots,683,K Empty Slots,Hard,38.0
leetcode-weekly-contest-52,Weekly Contest 52,2017-10-01,4,repeated-string-match,686,Repeated String Match,Medium,39.5
leetcode-weekly-contest-52,Weekly Contest 52,2017-10-01,4,longest-univalue-path,687,Longest Univalue Path,Medium,44.2
leetcode-weekly-contest-52,Weekly Contest 52,2017-10-01,4,knight-probability-in-chessboard,688,Knight Probability in Chessboard,Medium,57.2
leetcode-weekly-contest-52,Weekly Contest 52,2017-10-01,4,maximum-sum-of-3-non-overlapping-subarrays,689,Maximum Sum of 3 Non-Overlapping Subarrays,Hard,59.9
leetcode-weekly-contest-53,Weekly Contest 53,2017-10-08,4,binary-number-with-alternating-bits,693,Binary Number with Alternating Bits,Easy,70.0
leetcode-weekly-contest-53,Weekly Contest 53,2017-10-08,4,max-area-of-island,695,Max Area of Island,Medium,74.1
leetcode-weekly-contest-53,Weekly Contest 53,2017-10-08,4,number-of-distinct-islands,694,Number of Distinct Islands,Medium,62.9
leetcode-weekly-contest-53,Weekly Contest 53,2017-10-08,4,stickers-to-spell-word,691,Stickers to Spell Word,Hard,51.0
leetcode-weekly-contest-54,Weekly Contest 54,2017-10-15,4,degree-of-an-array,697,Degree of an Array,Easy,58.5
leetcode-weekly-contest-54,Weekly Contest 54,2017-10-15,4,count-binary-substrings,696,Count Binary Substrings,Easy,70.5
leetcode-weekly-contest-54,Weekly Contest 54,2017-10-15,4,partition-to-k-equal-sum-subsets,698,Partition to K Equal Sum Subsets,Medium,38.8
leetcode-weekly-contest-54,Weekly Contest 54,2017-10-15,4,falling-squares,699,Falling Squares,Hard,48.4
leetcode-weekly-contest-55,Weekly Contest 55,2017-10-22,4,best-time-to-buy-and-sell-stock-with-transaction-fee,714,Best Time to Buy and Sell Stock with Transaction Fee,Medium,72.4
leetcode-weekly-contest-55,Weekly Contest 55,2017-10-22,4,minimum-ascii-delete-sum-for-two-strings,712,Minimum ASCII Delete Sum for Two Strings,Medium,71.1
leetcode-weekly-contest-55,Weekly Contest 55,2017-10-22,4,subarray-product-less-than-k,713,Subarray Product Less Than K,Medium,54.8
leetcode-weekly-contest-55,Weekly Contest 55,2017-10-22,4,range-module,715,Range Module,Hard,45.3
leetcode-weekly-contest-56,Weekly Contest 56,2017-10-29,4,1-bit-and-2-bit-characters,717,1-bit and 2-bit Characters,Easy,49.7
leetcode-weekly-contest-56,Weekly Contest 56,2017-10-29,4,string-compression,443,String Compression,Medium,60.5
leetcode-weekly-contest-56,Weekly Contest 56,2017-10-29,4,maximum-length-of-repeated-subarray,718,Maximum Length of Repeated Subarray,Medium,51.5
leetcode-weekly-contest-56,Weekly Contest 56,2017-10-29,4,find-k-th-smallest-pair-distance,719,Find K-th Smallest Pair Distance,Hard,46.7
leetcode-weekly-contest-57,Weekly Contest 57,2017-11-05,4,longest-word-in-dictionary,720,Longest Word in Dictionary,Medium,55.2
leetcode-weekly-contest-57,Weekly Contest 57,2017-11-05,4,accounts-merge,721,Accounts Merge,Medium,61.7
leetcode-weekly-contest-57,Weekly Contest 57,2017-11-05,4,remove-comments,722,Remove Comments,Medium,40.3
leetcode-weekly-contest-57,Weekly Contest 57,2017-11-05,4,candy-crush,723,Candy Crush,Medium,77.6
weekly-contest-58,Weekly Contest 58,2017-11-12,4,find-pivot-index,724,Find Pivot Index,Easy,63.4
weekly-contest-58,Weekly Contest 58,2017-11-12,4,split-linked-list-in-parts,725,Split Linked List in Parts,Medium,70.7
weekly-contest-58,Weekly Contest 58,2017-11-12,4,number-of-atoms,726,Number of Atoms,Hard,65.2
weekly-contest-58,Weekly Contest 58,2017-11-12,4,minimum-window-subsequence,727,Minimum Window Subsequence,Hard,43.9
weekly-contest-59,Weekly Contest 59,2017-11-19,4,self-dividing-numbers,728,Self Dividing Numbers,Easy,81.0
weekly-contest-59,Weekly Contest 59,2017-11-19,4,my-calendar-i,729,My Calendar I,Medium,58.4
weekly-contest-59,Weekly Contest 59,2017-11-19,4,count-different-palindromic-subsequences,730,Count Different Palindromic Subsequences,Hard,48.0
weekly-contest-59,Weekly Contest 59,2017-11-19,4,my-calendar-ii,731,My Calendar II,Medium,63.3
weekly-contest-60,Weekly Contest 60,2017-11-26,4,flood-fill,733,Flood Fill,Easy,68.7
weekly-contest-60,Weekly Contest 60,2017-11-26,4,sentence-similarity,734,Sentence Similarity,Easy,44.9
weekly-contest-60,Weekly Contest 60,2017-11-26,4,asteroid-collision,735,Asteroid Collision,Medium,48.5
weekly-contest-60,Weekly Contest 60,2017-11-26,4,parse-lisp-expression,736,Parse Lisp Expression,Hard,53.8
weekly-contest-61,Weekly Contest 61,2017-12-03,4,daily-temperatures,739,Daily Temperatures,Medium,69.0
weekly-contest-61,Weekly Contest 61,2017-12-03,4,monotone-increasing-digits,738,Monotone Increasing Digits,Medium,49.8
weekly-contest-61,Weekly Contest 61,2017-12-03,4,delete-and-earn,740,Delete and Earn,Medium,57.4
weekly-contest-61,Weekly Contest 61,2017-12-03,4,cherry-pickup,741,Cherry Pickup,Hard,40.0
weekly-contest-by-app-academy,Weekly Contest 62,2017-12-10,4,find-smallest-letter-greater-than-target,744,Find Smallest Letter Greater Than Target,Easy,59.5
weekly-contest-by-app-academy,Weekly Contest 62,2017-12-10,4,network-delay-time,743,Network Delay Time,Medium,61.2
weekly-contest-by-app-academy,Weekly Contest 62,2017-12-10,4,closest-leaf-in-a-binary-tree,742,Closest Leaf in a Binary Tree,Medium,47.5
weekly-contest-by-app-academy,Weekly Contest 62,2017-12-10,4,prefix-and-suffix-search,745,Prefix and Suffix Search,Hard,41.0
weekly-contest-63,Weekly Contest 63,2017-12-17,4,min-cost-climbing-stairs,746,Min Cost Climbing Stairs,Easy,68.5
weekly-contest-63,Weekly Contest 63,2017-12-17,4,shortest-completing-word,748,Shortest Completing Word,Easy,63.5
weekly-contest-63,Weekly Contest 63,2017-12-17,4,number-of-corner-rectangles,750,Number Of Corner Rectangles,Medium,67.9
weekly-contest-63,Weekly Contest 63,2017-12-17,4,contain-virus,749,Contain Virus,Hard,55.4
weekly-contest-64,Weekly Contest 64,2017-12-24,4,largest-number-at-least-twice-of-others,747,Largest Number At Least Twice of Others,Easy,52.9
weekly-contest-64,Weekly Contest 64,2017-12-24,4,ip-to-cidr,751,IP to CIDR,Medium,53.8
weekly-contest-64,Weekly Contest 64,2017-12-24,4,open-the-lock,752,Open the Lock,Medium,61.5
weekly-contest-64,Weekly Contest 64,2017-12-24,4,cracking-the-safe,753,Cracking the Safe,Hard,58.6
weekly-contest-65,Weekly Contest 65,2017-12-31,4,reach-a-number,754,Reach a Number,Medium,45.4
weekly-contest-65,Weekly Contest 65,2017-12-31,4,pour-water,755,Pour Water,Medium,49.1
weekly-contest-65,Weekly Contest 65,2017-12-31,4,pyramid-transition-matrix,756,Pyramid Transition Matrix,Medium,60.6
weekly-contest-65,Weekly Contest 65,2017-12-31,4,set-intersection-size-at-least-two,757,Set Intersection Size At Least Two,Hard,58.1
weekly-contest-66,Weekly Contest 66,2018-01-07,4,find-anagram-mappings,760,Find Anagram Mappings,Easy,84.0
weekly-contest-66,Weekly Contest 66,2018-01-07,4,bold-words-in-string,758,Bold Words in String,Medium,53.5
weekly-contest-66,Weekly Contest 66,2018-01-07,4,employee-free-time,759,Employee Free Time,Hard,72.9
weekly-contest-66,Weekly Contest 66,2018-01-07,4,special-binary-string,761,Special Binary String,Hard,79.4
weekly-contest-67,Weekly Contest 67,2018-01-14,4,prime-number-of-set-bits-in-binary-representation,762,Prime Number of Set Bits in Binary Representation,Easy,78.9
weekly-contest-67,Weekly Contest 67,2018-01-14,4,partition-labels,763,Partition Labels,Medium,82.0
weekly-contest-67,Weekly Contest 67,2018-01-14,4,largest-plus-sign,764,Largest Plus Sign,Medium,49.4
weekly-contest-67,Weekly Contest 67,2018-01-14,4,couples-holding-hands,765,Couples Holding Hands,Hard,59.6
weekly-contest-68,Weekly Contest 68,2018-01-21,5,toeplitz-matrix,766,Toeplitz Matrix,Easy,69.7
weekly-contest-68,Weekly Contest 68,2018-01-21,5,reorganize-string,767,Reorganize String,Medium,57.4
weekly-contest-68,Weekly Contest 68,2018-01-21,5,max-chunks-to-make-sorted,769,Max Chunks To Make Sorted,Medium,64.2
weekly-contest-68,Weekly Contest 68,2018-01-21,5,max-chunks-to-make-sorted-ii,768,Max Chunks To Make Sorted II,Hard,55.0
weekly-contest-68,Weekly Contest 68,2018-01-21,5,basic-calculator-iv,770,Basic Calculator IV,Hard,49.8
weekly-contest-69,Weekly Contest 69,2018-01-28,4,jewels-and-stones,771,Jewels and Stones,Easy,89.6
weekly-contest-69,Weekly Contest 69,2018-01-28,4,global-and-local-inversions,775,Global and Local Inversions,Medium,42.9
weekly-contest-69,Weekly Contest 69,2018-01-28,4,sliding-puzzle,773,Sliding Puzzle,Hard,74.5
weekly-contest-69,Weekly Contest 69,2018-01-28,4,minimize-max-distance-to-gas-station,774,Minimize Max Distance to Gas Station,Hard,54.0
weekly-contest-70,Weekly Contest 70,2018-02-04,4,k-th-symbol-in-grammar,779,K-th Symbol in Grammar,Medium,48.5
weekly-contest-70,Weekly Contest 70,2018-02-04,4,split-bst,776,Split BST,Medium,82.2
weekly-contest-70,Weekly Contest 70,2018-02-04,4,swap-adjacent-in-lr-string,777,Swap Adjacent in LR String,Medium,38.3
weekly-contest-70,Weekly Contest 70,2018-02-04,4,swim-in-rising-water,778,Swim in Rising Water,Hard,68.1
weekly-contest-71,Weekly Contest 71,2018-02-11,4,minimum-distance-between-bst-nodes,783,Minimum Distance Between BST Nodes,Easy,61.7
weekly-contest-71,Weekly Contest 71,2018-02-11,4,rabbits-in-forest,781,Rabbits in Forest,Medium,58.0
weekly-contest-71,Weekly Contest 71,2018-02-11,4,reaching-points,780,Reaching Points,Hard,34.5
weekly-contest-71,Weekly Contest 71,2018-02-11,4,transform-to-chessboard,782,Transform to Chessboard,Hard,51.5
weekly-contest-72,Weekly Contest 72,2018-02-18,4,letter-case-permutation,784,Letter Case Permutation,Medium,76.0
weekly-contest-72,Weekly Contest 72,2018-02-18,4,is-graph-bipartite,785,Is Graph Bipartite?,Medium,59.6
weekly-contest-72,Weekly Contest 72,2018-02-18,4,cheapest-flights-within-k-stops,787,Cheapest Flights Within K Stops,Medium,42.3
weekly-contest-72,Weekly Contest 72,2018-02-18,4,k-th-smallest-prime-fraction,786,K-th Smallest Prime Fraction,Medium,69.2
weekly-contest-73,Weekly Contest 73,2018-02-25,4,rotated-digits,788,Rotated Digits,Medium,64.1
weekly-contest-73,Weekly Contest 73,2018-02-25,4,escape-the-ghosts,789,Escape The Ghosts,Medium,63.9
weekly-contest-73,Weekly Contest 73,2018-02-25,4,custom-sort-string,791,Custom Sort String,Medium,72.3
weekly-contest-73,Weekly Contest 73,2018-02-25,4,domino-and-tromino-tiling,790,Domino and Tromino Tiling,Medium,51.3
weekly-contest-74,Weekly Contest 74,2018-03-04,4,valid-tic-tac-toe-state,794,Valid Tic-Tac-Toe State,Medium,34.9
weekly-contest-74,Weekly Contest 74,2018-03-04,4,number-of-matching-subsequences,792,Number of Matching Subsequences,Medium,50.6
weekly-contest-74,Weekly Contest 74,2018-03-04,4,number-of-subarrays-with-bounded-maximum,795,Number of Subarrays with Bounded Maximum,Medium,55.2
weekly-contest-74,Weekly Contest 74,2018-03-04,4,preimage-size-of-factorial-zeroes-function,793,Preimage Size of Factorial Zeroes Function,Hard,47.4
weekly-contest-75,Weekly Contest 75,2018-03-11,4,rotate-string,796,Rotate String,Easy,66.8
weekly-contest-75,Weekly Contest 75,2018-03-11,4,all-paths-from-source-to-target,797,All Paths From Source to Target,Medium,83.7
weekly-contest-75,Weekly Contest 75,2018-03-11,4,champagne-tower,799,Champagne Tower,Medium,64.0
weekly-contest-75,Weekly Contest 75,2018-03-11,4,smallest-rotation-with-highest-score,798,Smallest Rotation with Highest Score,Hard,54.4
weekly-contest-76,Weekly Contest 76,2018-03-18,4,similar-rgb-color,800,Similar RGB Color,Easy,68.0
weekly-contest-76,Weekly Contest 76,2018-03-18,4,minimum-swaps-to-make-sequences-increasing,801,Minimum Swaps To Make Sequences Increasing,Hard,41.8
weekly-contest-76,Weekly Contest 76,2018-03-18,4,find-eventual-safe-states,802,Find Eventual Safe States,Medium,71.3
weekly-contest-76,Weekly Contest 76,2018-03-18,4,bricks-falling-when-hit,803,Bricks Falling When Hit,Hard,37.6
weekly-contest-77,Weekly Contest 77,2018-03-25,4,number-of-lines-to-write-string,806,Number of Lines To Write String,Easy,72.9
weekly-contest-77,Weekly Contest 77,2018-03-25,4,unique-morse-code-words,804,Unique Morse Code Words,Easy,83.7
weekly-contest-77,Weekly Contest 77,2018-03-25,4,max-increase-to-keep-city-skyline,807,Max Increase to Keep City Skyline,Medium,86.4
weekly-contest-77,Weekly Contest 77,2018-03-25,4,split-array-with-same-average,805,Split Array With Same Average,Hard,27.2
weekly-contest-78,Weekly Contest 78,2018-04-01,4,subdomain-visit-count,811,Subdomain Visit Count,Medium,77.2
weekly-contest-78,Weekly Contest 78,2018-04-01,4,expressive-words,809,Expressive Words,Medium,46.9
weekly-contest-78,Weekly Contest 78,2018-04-01,4,soup-servings,808,Soup Servings,Medium,59.6
weekly-contest-78,Weekly Contest 78,2018-04-01,4,chalkboard-xor-game,810,Chalkboard XOR Game,Hard,66.6
weekly-contest-79,Weekly Contest 79,2018-04-08,4,largest-triangle-area,812,Largest Triangle Area,Easy,71.8
weekly-contest-79,Weekly Contest 79,2018-04-08,4,binary-tree-pruning,814,Binary Tree Pruning,Medium,72.5
weekly-contest-79,Weekly Contest 79,2018-04-08,4,largest-sum-of-averages,813,Largest Sum of Averages,Medium,55.3
weekly-contest-79,Weekly Contest 79,2018-04-08,4,bus-routes,815,Bus Routes,Hard,47.4
weekly-contest-80,Weekly Contest 80,2018-04-15,4,most-common-word,819,Most Common Word,Easy,45.3
weekly-contest-80,Weekly Contest 80,2018-04-15,4,linked-list-components,817,Linked List Components,Medium,58.1
weekly-contest-80,Weekly Contest 80,2018-04-15,4,ambiguous-coordinates,816,Ambiguous Coordinates,Medium,56.4
weekly-contest-80,Weekly Contest 80,2018-04-15,4,race-car,818,Race Car,Hard,45.0
weekly-contest-81,Weekly Contest 81,2018-04-22,4,shortest-distance-to-a-character,821,Shortest Distance to a Character,Easy,72.9
weekly-contest-81,Weekly Contest 81,2018-04-22,4,card-flipping-game,822,Card Flipping Game,Medium,50.6
weekly-contest-81,Weekly Contest 81,2018-04-22,4,short-encoding-of-words,820,Short Encoding of Words,Medium,60.9
weekly-contest-81,Weekly Contest 81,2018-04-22,4,binary-trees-with-factors,823,Binary Trees With Factors,Medium,53.2
weekly-contest-82,Weekly Contest 82,2018-04-29,4,goat-latin,824,Goat Latin,Easy,70.1
weekly-contest-82,Weekly Contest 82,2018-04-29,4,friends-of-appropriate-ages,825,Friends Of Appropriate Ages,Medium,49.9
weekly-contest-82,Weekly Contest 82,2018-04-29,4,most-profit-assigning-work,826,Most Profit Assigning Work,Medium,56.3
weekly-contest-82,Weekly Contest 82,2018-04-29,4,making-a-large-island,827,Making A Large Island,Hard,57.0
weekly-contest-83,Weekly Contest 83,2018-05-06,4,positions-of-large-groups,830,Positions of Large Groups,Easy,54.2
weekly-contest-83,Weekly Contest 83,2018-05-06,4,masking-personal-information,831,Masking Personal Information,Medium,55.9
weekly-contest-83,Weekly Contest 83,2018-05-06,4,consecutive-numbers-sum,829,Consecutive Numbers Sum,Hard,42.8
weekly-contest-83,Weekly Contest 83,2018-05-06,4,count-unique-characters-of-all-substrings-of-a-given-string,828,Count Unique Characters of All Substrings of a Given String,Hard,53.8
weekly-contest-84,Weekly Contest 84,2018-05-13,4,flipping-an-image,832,Flipping an Image,Easy,83.9
weekly-contest-84,Weekly Contest 84,2018-05-13,4,find-and-replace-in-string,833,Find And Replace in String,Medium,50.7
weekly-contest-84,Weekly Contest 84,2018-05-13,4,image-overlap,835,Image Overlap,Medium,64.1
weekly-contest-84,Weekly Contest 84,2018-05-13,4,sum-of-distances-in-tree,834,Sum of Distances in Tree,Hard,65.7
weekly-contest-85,Weekly Contest 85,2018-05-20,4,rectangle-overlap,836,Rectangle Overlap,Easy,46.9
weekly-contest-85,Weekly Contest 85,2018-05-20,4,push-dominoes,838,Push Dominoes,Medium,63.1
weekly-contest-85,Weekly Contest 85,2018-05-20,4,new-21-game,837,New 21 Game,Medium,51.9
weekly-contest-85,Weekly Contest 85,2018-05-20,4,similar-string-groups,839,Similar String Groups,Hard,56.4
weekly-contest-86,Weekly Contest 86,2018-05-27,4,magic-squares-in-grid,840,Magic Squares In Grid,Medium,55.2
weekly-contest-86,Weekly Contest 86,2018-05-27,4,keys-and-rooms,841,Keys and Rooms,Medium,76.1
weekly-contest-86,Weekly Contest 86,2018-05-27,4,split-array-into-fibonacci-sequence,842,Split Array into Fibonacci Sequence,Medium,40.5
weekly-contest-86,Weekly Contest 86,2018-05-27,4,guess-the-word,843,Guess the Word,Hard,36.6
weekly-contest-87,Weekly Contest 87,2018-06-03,4,backspace-string-compare,844,Backspace String Compare,Easy,50.1
weekly-contest-87,Weekly Contest 87,2018-06-03,4,longest-mountain-in-array,845,Longest Mountain in Array,Medium,42.4
weekly-contest-87,Weekly Contest 87,2018-06-03,4,hand-of-straights,846,Hand of Straights,Medium,58.2
weekly-contest-87,Weekly Contest 87,2018-06-03,4,shortest-path-visiting-all-nodes,847,Shortest Path Visiting All Nodes,Hard,66.2
weekly-contest-88,Weekly Contest 88,2018-06-10,4,shifting-letters,848,Shifting Letters,Medium,46.4
weekly-contest-88,Weekly Contest 88,2018-06-10,4,maximize-distance-to-closest-person,849,Maximize Distance to Closest Person,Medium,49.9
weekly-contest-88,Weekly Contest 88,2018-06-10,4,loud-and-rich,851,Loud and Rich,Medium,63.9
weekly-contest-88,Weekly Contest 88,2018-06-10,4,rectangle-area-ii,850,Rectangle Area II,Hard,56.4
weekly-contest-89,Weekly Contest 89,2018-06-17,4,peak-index-in-a-mountain-array,852,Peak Index in a Mountain Array,Medium,66.7
weekly-contest-89,Weekly Contest 89,2018-06-17,4,car-fleet,853,Car Fleet,Medium,55.5
weekly-contest-89,Weekly Contest 89,2018-06-17,4,exam-room,855,Exam Room,Medium,43.7
weekly-contest-89,Weekly Contest 89,2018-06-17,4,k-similar-strings,854,K-Similar Strings,Hard,41.1
weekly-contest-90,Weekly Contest 90,2018-06-24,4,buddy-strings,859,Buddy Strings,Easy,34.1
weekly-contest-90,Weekly Contest 90,2018-06-24,4,score-of-parentheses,856,Score of Parentheses,Medium,63.5
weekly-contest-90,Weekly Contest 90,2018-06-24,4,mirror-reflection,858,Mirror Reflection,Medium,62.0
weekly-contest-90,Weekly Contest 90,2018-06-24,4,minimum-cost-to-hire-k-workers,857,Minimum Cost to Hire K Workers,Hard,63.7
weekly-contest-91,Weekly Contest 91,2018-07-01,4,lemonade-change,860,Lemonade Change,Easy,59.3
weekly-contest-91,Weekly Contest 91,2018-07-01,4,all-nodes-distance-k-in-binary-tree,863,All Nodes Distance K in Binary Tree,Medium,67.9
weekly-contest-91,Weekly Contest 91,2018-07-01,4,score-after-flipping-matrix,861,Score After Flipping Matrix,Medium,80.3
weekly-contest-91,Weekly Contest 91,2018-07-01,4,shortest-subarray-with-sum-at-least-k,862,Shortest Subarray with Sum at Least K,Hard,32.9
weekly-contest-92,Weekly Contest 92,2018-07-08,4,transpose-matrix,867,Transpose Matrix,Easy,76.8
weekly-contest-92,Weekly Contest 92,2018-07-08,4,smallest-subtree-with-all-the-deepest-nodes,865,Smallest Subtree with all the Deepest Nodes,Medium,77.7
weekly-contest-92,Weekly Contest 92,2018-07-08,4,prime-palindrome,866,Prime Palindrome,Medium,28.4
weekly-contest-92,Weekly Contest 92,2018-07-08,4,shortest-path-to-get-all-keys,864,Shortest Path to Get All Keys,Hard,54.8
weekly-contest-93,Weekly Contest 93,2018-07-15,4,binary-gap,868,Binary Gap,Easy,74.4
weekly-contest-93,Weekly Contest 93,2018-07-15,4,reordered-power-of-2,869,Reordered Power of 2,Medium,65.9
weekly-contest-93,Weekly Contest 93,2018-07-15,4,advantage-shuffle,870,Advantage Shuffle,Medium,54.8
weekly-contest-93,Weekly Contest 93,2018-07-15,4,minimum-number-of-refueling-stops,871,Minimum Number of Refueling Stops,Hard,41.7
weekly-contest-94,Weekly Contest 94,2018-07-22,4,leaf-similar-trees,872,Leaf-Similar Trees,Easy,70.3
weekly-contest-94,Weekly Contest 94,2018-07-22,4,walking-robot-simulation,874,Walking Robot Simulation,Medium,64.6
weekly-contest-94,Weekly Contest 94,2018-07-22,4,koko-eating-bananas,875,Koko Eating Bananas,Medium,50.3
weekly-contest-94,Weekly Contest 94,2018-07-22,4,length-of-longest-fibonacci-subsequence,873,Length of Longest Fibonacci Subsequence,Medium,57.5
weekly-contest-95,Weekly Contest 95,2018-07-29,4,middle-of-the-linked-list,876,Middle of the Linked List,Easy,82.2
weekly-contest-95,Weekly Contest 95,2018-07-29,4,stone-game,877,Stone Game,Medium,73.5
weekly-contest-95,Weekly Contest 95,2018-07-29,4,nth-magical-number,878,Nth Magical Number,Hard,36.9
weekly-contest-95,Weekly Contest 95,2018-07-29,4,profitable-schemes,879,Profitable Schemes,Hard,48.5
weekly-contest-96,Weekly Contest 96,2018-08-05,4,projection-area-of-3d-shapes,883,Projection Area of 3D Shapes,Easy,76.4
weekly-contest-96,Weekly Contest 96,2018-08-05,4,boats-to-save-people,881,Boats to Save People,Medium,62.1
weekly-contest-96,Weekly Contest 96,2018-08-05,4,decoded-string-at-index,880,Decoded String at Index,Medium,37.4
weekly-contest-96,Weekly Contest 96,2018-08-05,4,reachable-nodes-in-subdivided-graph,882,Reachable Nodes In Subdivided Graph,Hard,52.5
weekly-contest-97,Weekly Contest 97,2018-08-12,4,uncommon-words-from-two-sentences,884,Uncommon Words from Two Sentences,Easy,75.8
weekly-contest-97,Weekly Contest 97,2018-08-12,4,spiral-matrix-iii,885,Spiral Matrix III,Medium,84.6
weekly-contest-97,Weekly Contest 97,2018-08-12,4,possible-bipartition,886,Possible Bipartition,Medium,52.9
weekly-contest-97,Weekly Contest 97,2018-08-12,4,super-egg-drop,887,Super Egg Drop,Hard,30.7
weekly-contest-98,Weekly Contest 98,2018-08-19,4,fair-candy-swap,888,Fair Candy Swap,Easy,65.3
weekly-contest-98,Weekly Contest 98,2018-08-19,4,find-and-replace-pattern,890,Find and Replace Pattern,Medium,77.1
weekly-contest-98,Weekly Contest 98,2018-08-19,4,construct-binary-tree-from-preorder-and-postorder-traversal,889,Construct Binary Tree from Preorder and Postorder Traversal,Medium,78.0
weekly-contest-98,Weekly Contest 98,2018-08-19,4,sum-of-subsequence-widths,891,Sum of Subsequence Widths,Hard,40.9
weekly-contest-99,Weekly Contest 99,2018-08-26,4,surface-area-of-3d-shapes,892,Surface Area of 3D Shapes,Easy,71.1
weekly-contest-99,Weekly Contest 99,2018-08-26,4,groups-of-special-equivalent-strings,893,Groups of Special-Equivalent Strings,Medium,73.7
weekly-contest-99,Weekly Contest 99,2018-08-26,4,all-possible-full-binary-trees,894,All Possible Full Binary Trees,Medium,82.8
weekly-contest-99,Weekly Contest 99,2018-08-26,4,maximum-frequency-stack,895,Maximum Frequency Stack,Hard,67.0
weekly-contest-100,Weekly Contest 100,2018-09-02,4,monotonic-array,896,Monotonic Array,Easy,62.4
weekly-contest-100,Weekly Contest 100,2018-09-02,4,increasing-order-search-tree,897,Increasing Order Search Tree,Easy,79.1
weekly-contest-100,Weekly Contest 100,2018-09-02,4,bitwise-ors-of-subarrays,898,Bitwise ORs of Subarrays,Medium,56.9
weekly-contest-100,Weekly Contest 100,2018-09-02,4,orderly-queue,899,Orderly Queue,Hard,67.1
weekly-contest-101,Weekly Contest 101,2018-09-09,4,rle-iterator,900,RLE Iterator,Medium,59.5
weekly-contest-101,Weekly Contest 101,2018-09-09,4,online-stock-span,901,Online Stock Span,Medium,69.5
weekly-contest-101,Weekly Contest 101,2018-09-09,4,numbers-at-most-n-given-digit-set,902,Numbers At Most N Given Digit Set,Hard,45.7
weekly-contest-101,Weekly Contest 101,2018-09-09,4,valid-permutations-for-di-sequence,903,Valid Permutations for DI Sequence,Hard,56.5
weekly-contest-102,Weekly Contest 102,2018-09-16,4,sort-array-by-parity,905,Sort Array By Parity,Easy,76.6
weekly-contest-102,Weekly Contest 102,2018-09-16,4,fruit-into-baskets,904,Fruit Into Baskets,Medium,51.9
weekly-contest-102,Weekly Contest 102,2018-09-16,4,sum-of-subarray-minimums,907,Sum of Subarray Minimums,Medium,38.9
weekly-contest-102,Weekly Contest 102,2018-09-16,4,super-palindromes,906,Super Palindromes,Hard,40.1
weekly-contest-103,Weekly Contest 103,2018-09-23,4,smallest-range-i,908,Smallest Range I,Easy,73.8
weekly-contest-103,Weekly Contest 103,2018-09-23,4,snakes-and-ladders,909,Snakes and Ladders,Medium,48.2
weekly-contest-103,Weekly Contest 103,2018-09-23,4,smallest-range-ii,910,Smallest Range II,Medium,38.1
weekly-contest-103,Weekly Contest 103,2018-09-23,4,online-election,911,Online Election,Medium,53.0
weekly-contest-104,Weekly Contest 104,2018-09-30,4,x-of-a-kind-in-a-deck-of-cards,914,X of a Kind in a Deck of Cards,Easy,30.4
weekly-contest-104,Weekly Contest 104,2018-09-30,4,partition-array-into-disjoint-intervals,915,Partition Array into Disjoint Intervals,Medium,49.5
weekly-contest-104,Weekly Contest 104,2018-09-30,4,word-subsets,916,Word Subsets,Medium,56.0
weekly-contest-104,Weekly Contest 104,2018-09-30,4,cat-and-mouse,913,Cat and Mouse,Hard,35.7
weekly-contest-105,Weekly Contest 105,2018-10-07,4,reverse-only-letters,917,Reverse Only Letters,Easy,68.8
weekly-contest-105,Weekly Contest 105,2018-10-07,4,maximum-sum-circular-subarray,918,Maximum Sum Circular Subarray,Medium,50.9
weekly-contest-105,Weekly Contest 105,2018-10-07,4,complete-binary-tree-inserter,919,Complete Binary Tree Inserter,Medium,65.1
weekly-contest-105,Weekly Contest 105,2018-10-07,4,number-of-music-playlists,920,Number of Music Playlists,Hard,60.1
weekly-contest-106,Weekly Contest 106,2018-10-14,4,sort-array-by-parity-ii,922,Sort Array By Parity II,Easy,71.3
weekly-contest-106,Weekly Contest 106,2018-10-14,4,minimum-add-to-make-parentheses-valid,921,Minimum Add to Make Parentheses Valid,Medium,74.3
weekly-contest-106,Weekly Contest 106,2018-10-14,4,3sum-with-multiplicity,923,3Sum With Multiplicity,Medium,46.4
weekly-contest-106,Weekly Contest 106,2018-10-14,4,minimize-malware-spread,924,Minimize Malware Spread,Hard,43.3
weekly-contest-107,Weekly Contest 107,2018-10-21,4,long-pressed-name,925,Long Pressed Name,Easy,33.0
weekly-contest-107,Weekly Contest 107,2018-10-21,4,flip-string-to-monotone-increasing,926,Flip String to Monotone Increasing,Medium,61.9
weekly-contest-107,Weekly Contest 107,2018-10-21,4,three-equal-parts,927,Three Equal Parts,Hard,41.5
weekly-contest-107,Weekly Contest 107,2018-10-21,4,minimize-malware-spread-ii,928,Minimize Malware Spread II,Hard,45.9
weekly-contest-108,Weekly Contest 108,2018-10-28,4,unique-email-addresses,929,Unique Email Addresses,Easy,67.9
weekly-contest-108,Weekly Contest 108,2018-10-28,4,binary-subarrays-with-sum,930,Binary Subarrays With Sum,Medium,69.5
weekly-contest-108,Weekly Contest 108,2018-10-28,4,minimum-falling-path-sum,931,Minimum Falling Path Sum,Medium,60.8
weekly-contest-108,Weekly Contest 108,2018-10-28,4,beautiful-array,932,Beautiful Array,Medium,70.0
weekly-contest-109,Weekly Contest 109,2018-11-04,4,number-of-recent-calls,933,Number of Recent Calls,Easy,78.8
weekly-contest-109,Weekly Contest 109,2018-11-04,4,knight-dialer,935,Knight Dialer,Medium,62.0
weekly-contest-109,Weekly Contest 109,2018-11-04,4,shortest-bridge,934,Shortest Bridge,Medium,59.6
weekly-contest-109,Weekly Contest 109,2018-11-04,4,stamping-the-sequence,936,Stamping The Sequence,Hard,62.3
weekly-contest-110,Weekly Contest 110,2018-11-11,4,reorder-data-in-log-files,937,Reorder Data in Log Files,Medium,56.8
weekly-contest-110,Weekly Contest 110,2018-11-11,4,range-sum-of-bst,938,Range Sum of BST,Easy,87.6
weekly-contest-110,Weekly Contest 110,2018-11-11,4,minimum-area-rectangle,939,Minimum Area Rectangle,Medium,55.4
weekly-contest-110,Weekly Contest 110,2018-11-11,4,distinct-subsequences-ii,940,Distinct Subsequences II,Hard,44.2
weekly-contest-111,Weekly Contest 111,2018-11-18,4,valid-mountain-array,941,Valid Mountain Array,Easy,35.5
weekly-contest-111,Weekly Contest 111,2018-11-18,4,delete-columns-to-make-sorted,944,Delete Columns to Make Sorted,Easy,78.2
weekly-contest-111,Weekly Contest 111,2018-11-18,4,di-string-match,942,DI String Match,Easy,81.2
weekly-contest-111,Weekly Contest 111,2018-11-18,4,find-the-shortest-superstring,943,Find the Shortest Superstring,Hard,45.5
weekly-contest-112,Weekly Contest 112,2018-11-25,4,minimum-increment-to-make-array-unique,945,Minimum Increment to Make Array Unique,Medium,60.7
weekly-contest-112,Weekly Contest 112,2018-11-25,4,validate-stack-sequences,946,Validate Stack Sequences,Medium,70.6
weekly-contest-112,Weekly Contest 112,2018-11-25,4,most-stones-removed-with-same-row-or-column,947,Most Stones Removed with Same Row or Column,Medium,63.3
weekly-contest-112,Weekly Contest 112,2018-11-25,4,bag-of-tokens,948,Bag of Tokens,Medium,59.7
weekly-contest-113,Weekly Contest 113,2018-12-02,4,largest-time-for-given-digits,949,Largest Time for Given Digits,Medium,36.0
weekly-contest-113,Weekly Contest 113,2018-12-02,4,flip-equivalent-binary-trees,951,Flip Equivalent Binary Trees,Medium,69.5
weekly-contest-113,Weekly Contest 113,2018-12-02,4,reveal-cards-in-increasing-order,950,Reveal Cards In Increasing Order,Medium,83.7
weekly-contest-113,Weekly Contest 113,2018-12-02,4,largest-component-size-by-common-factor,952,Largest Component Size by Common Factor,Hard,43.5
weekly-contest-114,Weekly Contest 114,2018-12-09,4,verifying-an-alien-dictionary,953,Verifying an Alien Dictionary,Easy,56.1
weekly-contest-114,Weekly Contest 114,2018-12-09,4,array-of-doubled-pairs,954,Array of Doubled Pairs,Medium,39.9
weekly-contest-114,Weekly Contest 114,2018-12-09,4,delete-columns-to-make-sorted-ii,955,Delete Columns to Make Sorted II,Medium,49.7
weekly-contest-114,Weekly Contest 114,2018-12-09,4,tallest-billboard,956,Tallest Billboard,Hard,51.9
weekly-contest-115,Weekly Contest 115,2018-12-16,4,check-completeness-of-a-binary-tree,958,Check Completeness of a Binary Tree,Medium,59.4
weekly-contest-115,Weekly Contest 115,2018-12-16,4,prison-cells-after-n-days,957,Prison Cells After N Days,Medium,39.2
weekly-contest-115,Weekly Contest 115,2018-12-16,4,regions-cut-by-slashes,959,Regions Cut By Slashes,Medium,77.5
weekly-contest-115,Weekly Contest 115,2018-12-16,4,delete-columns-to-make-sorted-iii,960,Delete Columns to Make Sorted III,Hard,72.6
weekly-contest-116,Weekly Contest 116,2018-12-23,4,n-repeated-element-in-size-2n-array,961,N-Repeated Element in Size 2N Array,Easy,80.0
weekly-contest-116,Weekly Contest 116,2018-12-23,4,maximum-width-ramp,962,Maximum Width Ramp,Medium,55.9
weekly-contest-116,Weekly Contest 116,2018-12-23,4,minimum-area-rectangle-ii,963,Minimum Area Rectangle II,Medium,55.9
weekly-contest-116,Weekly Contest 116,2018-12-23,4,least-operators-to-express-number,964,Least Operators to Express Number,Hard,48.4
weekly-contest-117,Weekly Contest 117,2018-12-30,4,univalued-binary-tree,965,Univalued Binary Tree,Easy,73.2
weekly-contest-117,Weekly Contest 117,2018-12-30,4,numbers-with-same-consecutive-differences,967,Numbers With Same Consecutive Differences,Medium,59.3
weekly-contest-117,Weekly Contest 117,2018-12-30,4,vowel-spellchecker,966,Vowel Spellchecker,Medium,61.4
weekly-contest-117,Weekly Contest 117,2018-12-30,4,binary-tree-cameras,968,Binary Tree Cameras,Hard,48.0
weekly-contest-118,Weekly Contest 118,2019-01-06,4,powerful-integers,970,Powerful Integers,Medium,44.7
weekly-contest-118,Weekly Contest 118,2019-01-06,4,pancake-sorting,969,Pancake Sorting,Medium,71.8
weekly-contest-118,Weekly Contest 118,2019-01-06,4,flip-binary-tree-to-match-preorder-traversal,971,Flip Binary Tree To Match Preorder Traversal,Medium,52.0
weekly-contest-118,Weekly Contest 118,2019-01-06,4,equal-rational-numbers,972,Equal Rational Numbers,Hard,46.4
weekly-contest-119,Weekly Contest 119,2019-01-13,4,k-closest-points-to-origin,973,K Closest Points to Origin,Medium,69.2
weekly-contest-119,Weekly Contest 119,2019-01-13,4,largest-perimeter-triangle,976,Largest Perimeter Triangle,Easy,62.3
weekly-contest-119,Weekly Contest 119,2019-01-13,4,subarray-sums-divisible-by-k,974,Subarray Sums Divisible by K,Medium,56.6
weekly-contest-119,Weekly Contest 119,2019-01-13,4,odd-even-jump,975,Odd Even Jump,Hard,41.4
weekly-contest-120,Weekly Contest 120,2019-01-20,4,squares-of-a-sorted-array,977,Squares of a Sorted Array,Easy,74.0
weekly-contest-120,Weekly Contest 120,2019-01-20,4,longest-turbulent-subarray,978,Longest Turbulent Subarray,Medium,49.3
weekly-contest-120,Weekly Contest 120,2019-01-20,4,distribute-coins-in-binary-tree,979,Distribute Coins in Binary Tree,Medium,77.3
weekly-contest-120,Weekly Contest 120,2019-01-20,4,unique-paths-iii,980,Unique Paths III,Hard,82.9
weekly-contest-121,Weekly Contest 121,2019-01-27,4,string-without-aaa-or-bbb,984,String Without AAA or BBB,Medium,45.5
weekly-contest-121,Weekly Contest 121,2019-01-27,4,time-based-key-value-store,981,Time Based Key-Value Store,Medium,50.1
weekly-contest-121,Weekly Contest 121,2019-01-27,4,minimum-cost-for-tickets,983,Minimum Cost For Tickets,Medium,67.5
weekly-contest-121,Weekly Contest 121,2019-01-27,4,triples-with-bitwise-and-equal-to-zero,982,Triples with Bitwise AND Equal To Zero,Hard,60.2
weekly-contest-122,Weekly Contest 122,2019-02-03,4,sum-of-even-numbers-after-queries,985,Sum of Even Numbers After Queries,Medium,68.9
weekly-contest-122,Weekly Contest 122,2019-02-03,4,smallest-string-starting-from-leaf,988,Smallest String Starting From Leaf,Medium,61.3
weekly-contest-122,Weekly Contest 122,2019-02-03,4,interval-list-intersections,986,Interval List Intersections,Medium,73.1
weekly-contest-122,Weekly Contest 122,2019-02-03,4,vertical-order-traversal-of-a-binary-tree,987,Vertical Order Traversal of a Binary Tree,Hard,54.4
weekly-contest-123,Weekly Contest 123,2019-02-10,4,add-to-array-form-of-integer,989,Add to Array-Form of Integer,Easy,45.6
weekly-contest-123,Weekly Contest 123,2019-02-10,4,satisfiability-of-equality-equations,990,Satisfiability of Equality Equations,Medium,52.0
weekly-contest-123,Weekly Contest 123,2019-02-10,4,broken-calculator,991,Broken Calculator,Medium,56.3
weekly-contest-123,Weekly Contest 123,2019-02-10,4,subarrays-with-k-different-integers,992,Subarrays with K Different Integers,Hard,68.7
weekly-contest-124,Weekly Contest 124,2019-02-17,4,cousins-in-binary-tree,993,Cousins in Binary Tree,Easy,59.6
weekly-contest-124,Weekly Contest 124,2019-02-17,4,rotting-oranges,994,Rotting Oranges,Medium,59.1
weekly-contest-124,Weekly Contest 124,2019-02-17,4,minimum-number-of-k-consecutive-bit-flips,995,Minimum Number of K Consecutive Bit Flips,Hard,62.4
weekly-contest-124,Weekly Contest 124,2019-02-17,4,number-of-squareful-arrays,996,Number of Squareful Arrays,Hard,51.6
weekly-contest-125,Weekly Contest 125,2019-02-24,4,find-the-town-judge,997,Find the Town Judge,Easy,51.0
weekly-contest-125,Weekly Contest 125,2019-02-24,4,available-captures-for-rook,999,Available Captures for Rook,Easy,72.0
weekly-contest-125,Weekly Contest 125,2019-02-24,4,maximum-binary-tree-ii,998,Maximum Binary Tree II,Medium,70.7
weekly-contest-125,Weekly Contest 125,2019-02-24,4,grid-illumination,1001,Grid Illumination,Hard,39.7
weekly-contest-126,Weekly Contest 126,2019-03-03,4,find-common-characters,1002,Find Common Characters,Easy,74.8
weekly-contest-126,Weekly Contest 126,2019-03-03,4,check-if-word-is-valid-after-substitutions,1003,Check If Word Is Valid After Substitutions,Medium,61.3
weekly-contest-126,Weekly Contest 126,2019-03-03,4,max-consecutive-ones-iii,1004,Max Consecutive Ones III,Medium,68.1
weekly-contest-126,Weekly Contest 126,2019-03-03,4,minimum-cost-to-merge-stones,1000,Minimum Cost to Merge Stones,Hard,46.5
weekly-contest-127,Weekly Contest 127,2019-03-10,4,maximize-sum-of-array-after-k-negations,1005,Maximize Sum Of Array After K Negations,Easy,54.1
weekly-contest-127,Weekly Contest 127,2019-03-10,4,clumsy-factorial,1006,Clumsy Factorial,Medium,61.8
weekly-contest-127,Weekly Contest 127,2019-03-10,4,minimum-domino-rotations-for-equal-row,1007,Minimum Domino Rotations For Equal Row,Medium,56.5
weekly-contest-127,Weekly Contest 127,2019-03-10,4,construct-binary-search-tree-from-preorder-traversal,1008,Construct Binary Search Tree from Preorder Traversal,Medium,84.5
weekly-contest-128,Weekly Contest 128,2019-03-17,4,complement-of-base-10-integer,1009,Complement of Base 10 Integer,Easy,63.4
weekly-contest-128,Weekly Contest 128,2019-03-17,4,pairs-of-songs-with-total-durations-divisible-by-60,1010,Pairs of Songs With Total Durations Divisible by 60,Medium,53.5
weekly-contest-128,Weekly Contest 128,2019-03-17,4,capacity-to-ship-packages-within-d-days,1011,Capacity To Ship Packages Within D Days,Medium,74.4
weekly-contest-128,Weekly Contest 128,2019-03-17,4,numbers-with-repeated-digits,1012,Numbers With Repeated Digits,Hard,48.0
weekly-contest-129,Weekly Contest 129,2019-03-24,4,partition-array-into-three-parts-with-equal-sum,1013,Partition Array Into Three Parts With Equal Sum,Easy,42.9
weekly-contest-129,Weekly Contest 129,2019-03-24,4,smallest-integer-divisible-by-k,1015,Smallest Integer Divisible by K,Medium,54.2
weekly-contest-129,Weekly Contest 129,2019-03-24,4,best-sightseeing-pair,1014,Best Sightseeing Pair,Medium,62.7
weekly-contest-129,Weekly Contest 129,2019-03-24,4,binary-string-with-substrings-representing-1-to-n,1016,Binary String With Substrings Representing 1 To N,Medium,58.6
weekly-contest-130,Weekly Contest 130,2019-03-31,4,binary-prefix-divisible-by-5,1018,Binary Prefix Divisible By 5,Easy,53.7
weekly-contest-130,Weekly Contest 130,2019-03-31,4,convert-to-base-2,1017,Convert to Base -2,Medium,61.9
weekly-contest-130,Weekly Contest 130,2019-03-31,4,next-greater-node-in-linked-list,1019,Next Greater Node In Linked List,Medium,64.6
weekly-contest-130,Weekly Contest 130,2019-03-31,4,number-of-enclaves,1020,Number of Enclaves,Medium,72.1
weekly-contest-131,Weekly Contest 131,2019-04-07,4,remove-outermost-parentheses,1021,Remove Outermost Parentheses,Easy,87.3
weekly-contest-131,Weekly Contest 131,2019-04-07,4,sum-of-root-to-leaf-binary-numbers,1022,Sum of Root To Leaf Binary Numbers,Easy,76.7
weekly-contest-131,Weekly Contest 131,2019-04-07,4,camelcase-matching,1023,Camelcase Matching,Medium,65.7
weekly-contest-131,Weekly Contest 131,2019-04-07,4,video-stitching,1024,Video Stitching,Medium,52.8
weekly-contest-132,Weekly Contest 132,2019-04-14,4,divisor-game,1025,Divisor Game,Easy,72.3
weekly-contest-132,Weekly Contest 132,2019-04-14,4,maximum-difference-between-node-and-ancestor,1026,Maximum Difference Between Node and Ancestor,Medium,78.2
weekly-contest-132,Weekly Contest 132,2019-04-14,4,longest-arithmetic-subsequence,1027,Longest Arithmetic Subsequence,Medium,50.1
weekly-contest-132,Weekly Contest 132,2019-04-14,4,recover-a-tree-from-preorder-traversal,1028,Recover a Tree From Preorder Traversal,Hard,83.2
weekly-contest-133,Weekly Contest 133,2019-04-21,4,matrix-cells-in-distance-order,1030,Matrix Cells in Distance Order,Easy,74.4
weekly-contest-133,Weekly Contest 133,2019-04-21,4,two-city-scheduling,1029,Two City Scheduling,Medium,68.8
weekly-contest-133,Weekly Contest 133,2019-04-21,4,maximum-sum-of-two-non-overlapping-subarrays,1031,Maximum Sum of Two Non-Overlapping Subarrays,Medium,61.1
weekly-contest-133,Weekly Contest 133,2019-04-21,4,stream-of-characters,1032,Stream of Characters,Hard,52.7
weekly-contest-134,Weekly Contest 134,2019-04-28,4,moving-stones-until-consecutive,1033,Moving Stones Until Consecutive,Medium,52.5
weekly-contest-134,Weekly Contest 134,2019-04-28,4,coloring-a-border,1034,Coloring A Border,Medium,51.5
weekly-contest-134,Weekly Contest 134,2019-04-28,4,uncrossed-lines,1035,Uncrossed Lines,Medium,65.4
weekly-contest-134,Weekly Contest 134,2019-04-28,4,escape-a-large-maze,1036,Escape a Large Maze,Hard,36.9
weekly-contest-135,Weekly Contest 135,2019-05-05,4,valid-boomerang,1037,Valid Boomerang,Easy,40.0
weekly-contest-135,Weekly Contest 135,2019-05-05,4,binary-search-tree-to-greater-sum-tree,1038,Binary Search Tree to Greater Sum Tree,Medium,88.4
weekly-contest-135,Weekly Contest 135,2019-05-05,4,minimum-score-triangulation-of-polygon,1039,Minimum Score Triangulation of Polygon,Medium,67.5
weekly-contest-135,Weekly Contest 135,2019-05-05,4,moving-stones-until-consecutive-ii,1040,Moving Stones Until Consecutive II,Medium,59.1
weekly-contest-136,Weekly Contest 136,2019-05-12,4,robot-bounded-in-circle,1041,Robot Bounded In Circle,Medium,56.6
weekly-contest-136,Weekly Contest 136,2019-05-12,4,flower-planting-with-no-adjacent,1042,Flower Planting With No Adjacent,Medium,54.0
weekly-contest-136,Weekly Contest 136,2019-05-12,4,partition-array-for-maximum-sum,1043,Partition Array for Maximum Sum,Medium,77.5
weekly-contest-136,Weekly Contest 136,2019-05-12,4,longest-duplicate-substring,1044,Longest Duplicate Substring,Hard,31.3
weekly-contest-137,Weekly Contest 137,2019-05-19,4,last-stone-weight,1046,Last Stone Weight,Easy,66.7
weekly-contest-137,Weekly Contest 137,2019-05-19,4,remove-all-adjacent-duplicates-in-string,1047,Remove All Adjacent Duplicates In String,Easy,73.7
weekly-contest-137,Weekly Contest 137,2019-05-19,4,longest-string-chain,1048,Longest String Chain,Medium,63.3
weekly-contest-137,Weekly Contest 137,2019-05-19,4,last-stone-weight-ii,1049,Last Stone Weight II,Medium,60.4
weekly-contest-138,Weekly Contest 138,2019-05-26,4,height-checker,1051,Height Checker,Easy,81.9
weekly-contest-138,Weekly Contest 138,2019-05-26,4,grumpy-bookstore-owner,1052,Grumpy Bookstore Owner,Medium,64.1
weekly-contest-138,Weekly Contest 138,2019-05-26,4,previous-permutation-with-one-swap,1053,Previous Permutation With One Swap,Medium,49.2
weekly-contest-138,Weekly Contest 138,2019-05-26,4,distant-barcodes,1054,Distant Barcodes,Medium,49.2
weekly-contest-139,Weekly Contest 139,2019-06-02,4,greatest-common-divisor-of-strings,1071,Greatest Common Divisor of Strings,Easy,54.1
weekly-contest-139,Weekly Contest 139,2019-06-02,4,flip-columns-for-maximum-number-of-equal-rows,1072,Flip Columns For Maximum Number of Equal Rows,Medium,78.5
weekly-contest-139,Weekly Contest 139,2019-06-02,4,adding-two-negabinary-numbers,1073,Adding Two Negabinary Numbers,Medium,38.0
weekly-contest-139,Weekly Contest 139,2019-06-02,4,number-of-submatrices-that-sum-to-target,1074,Number of Submatrices That Sum to Target,Hard,74.6
weekly-contest-140,Weekly Contest 140,2019-06-09,4,occurrences-after-bigram,1078,Occurrences After Bigram,Easy,64.0
weekly-contest-140,Weekly Contest 140,2019-06-09,4,letter-tile-possibilities,1079,Letter Tile Possibilities,Medium,83.5
weekly-contest-140,Weekly Contest 140,2019-06-09,4,insufficient-nodes-in-root-to-leaf-paths,1080,Insufficient Nodes in Root to Leaf Paths,Medium,55.4
weekly-contest-140,Weekly Contest 140,2019-06-09,4,smallest-subsequence-of-distinct-characters,1081,Smallest Subsequence of Distinct Characters,Medium,70.5
weekly-contest-141,Weekly Contest 141,2019-06-16,4,duplicate-zeros,1089,Duplicate Zeros,Easy,53.9
weekly-contest-141,Weekly Contest 141,2019-06-16,4,largest-values-from-labels,1090,Largest Values From Labels,Medium,64.5
weekly-contest-141,Weekly Contest 141,2019-06-16,4,shortest-path-in-binary-matrix,1091,Shortest Path in Binary Matrix,Medium,51.9
weekly-contest-141,Weekly Contest 141,2019-06-16,4,shortest-common-supersequence,1092,Shortest Common Supersequence ,Hard,62.2
weekly-contest-142,Weekly Contest 142,2019-06-23,4,statistics-from-a-large-sample,1093,Statistics from a Large Sample,Medium,43.3
weekly-contest-142,Weekly Contest 142,2019-06-23,4,car-pooling,1094,Car Pooling,Medium,56.4
weekly-contest-142,Weekly Contest 142,2019-06-23,4,find-in-mountain-array,1095,Find in Mountain Array,Hard,41.9
weekly-contest-142,Weekly Contest 142,2019-06-23,4,brace-expansion-ii,1096,Brace Expansion II,Hard,63.8
weekly-contest-143,Weekly Contest 143,2019-06-30,4,distribute-candies-to-people,1103,Distribute Candies to People,Easy,67.8
weekly-contest-143,Weekly Contest 143,2019-06-30,4,path-in-zigzag-labelled-binary-tree,1104,Path In Zigzag Labelled Binary Tree,Medium,75.8
weekly-contest-143,Weekly Contest 143,2019-06-30,4,filling-bookcase-shelves,1105,Filling Bookcase Shelves,Medium,68.6
weekly-contest-143,Weekly Contest 143,2019-06-30,4,parsing-a-boolean-expression,1106,Parsing A Boolean Expression,Hard,69.8
weekly-contest-144,Weekly Contest 144,2019-07-07,4,defanging-an-ip-address,1108,Defanging an IP Address,Easy,90.1
weekly-contest-144,Weekly Contest 144,2019-07-07,4,corporate-flight-bookings,1109,Corporate Flight Bookings,Medium,68.2
weekly-contest-144,Weekly Contest 144,2019-07-07,4,delete-nodes-and-return-forest,1110,Delete Nodes And Return Forest,Medium,72.5
weekly-contest-144,Weekly Contest 144,2019-07-07,4,maximum-nesting-depth-of-two-valid-parentheses-strings,1111,Maximum Nesting Depth of Two Valid Parentheses Strings,Medium,72.0
weekly-contest-145,Weekly Contest 145,2019-07-14,4,relative-sort-array,1122,Relative Sort Array,Easy,75.3
weekly-contest-145,Weekly Contest 145,2019-07-14,4,lowest-common-ancestor-of-deepest-leaves,1123,Lowest Common Ancestor of Deepest Leaves,Medium,79.5
weekly-contest-145,Weekly Contest 145,2019-07-14,4,longest-well-performing-interval,1124,Longest Well-Performing Interval,Medium,38.0
weekly-contest-145,Weekly Contest 145,2019-07-14,4,smallest-sufficient-team,1125,Smallest Sufficient Team,Hard,55.7
weekly-contest-146,Weekly Contest 146,2019-07-21,4,number-of-equivalent-domino-pairs,1128,Number of Equivalent Domino Pairs,Easy,60.7
weekly-contest-146,Weekly Contest 146,2019-07-21,4,shortest-path-with-alternating-colors,1129,Shortest Path with Alternating Colors,Medium,48.2
weekly-contest-146,Weekly Contest 146,2019-07-21,4,minimum-cost-tree-from-leaf-values,1130,Minimum Cost Tree From Leaf Values,Medium,67.9
weekly-contest-146,Weekly Contest 146,2019-07-21,4,maximum-of-absolute-value-expression,1131,Maximum of Absolute Value Expression,Medium,48.8
weekly-contest-147,Weekly Contest 147,2019-07-28,4,n-th-tribonacci-number,1137,N-th Tribonacci Number,Easy,63.1
weekly-contest-147,Weekly Contest 147,2019-07-28,4,alphabet-board-path,1138,Alphabet Board Path,Medium,51.9
weekly-contest-147,Weekly Contest 147,2019-07-28,4,largest-1-bordered-square,1139,Largest 1-Bordered Square,Medium,52.3
weekly-contest-147,Weekly Contest 147,2019-07-28,4,stone-game-ii,1140,Stone Game II,Medium,72.8
weekly-contest-148,Weekly Contest 148,2019-08-04,4,decrease-elements-to-make-array-zigzag,1144,Decrease Elements To Make Array Zigzag,Medium,49.3
weekly-contest-148,Weekly Contest 148,2019-08-04,4,binary-tree-coloring-game,1145,Binary Tree Coloring Game,Medium,53.0
weekly-contest-148,Weekly Contest 148,2019-08-04,4,snapshot-array,1146,Snapshot Array,Medium,36.8
weekly-contest-148,Weekly Contest 148,2019-08-04,4,longest-chunked-palindrome-decomposition,1147,Longest Chunked Palindrome Decomposition,Hard,58.9
weekly-contest-149,Weekly Contest 149,2019-08-11,4,day-of-the-year,1154,Day of the Year,Easy,50.0
weekly-contest-149,Weekly Contest 149,2019-08-11,4,number-of-dice-rolls-with-target-sum,1155,Number of Dice Rolls With Target Sum,Medium,62.5
weekly-contest-149,Weekly Contest 149,2019-08-11,4,swap-for-longest-repeated-character-substring,1156,Swap For Longest Repeated Character Substring,Medium,44.8
weekly-contest-149,Weekly Contest 149,2019-08-11,4,online-majority-element-in-subarray,1157,Online Majority Element In Subarray,Hard,40.6
weekly-contest-150,Weekly Contest 150,2019-08-18,4,find-words-that-can-be-formed-by-characters,1160,Find Words That Can Be Formed by Characters,Easy,71.7
weekly-contest-150,Weekly Contest 150,2019-08-18,4,maximum-level-sum-of-a-binary-tree,1161,Maximum Level Sum of a Binary Tree,Medium,70.0
weekly-contest-150,Weekly Contest 150,2019-08-18,4,as-far-from-land-as-possible,1162,As Far from Land as Possible,Medium,52.4
weekly-contest-150,Weekly Contest 150,2019-08-18,4,last-substring-in-lexicographical-order,1163,Last Substring in Lexicographical Order,Hard,35.2
weekly-contest-151,Weekly Contest 151,2019-08-25,4,invalid-transactions,1169,Invalid Transactions,Medium,32.4
weekly-contest-151,Weekly Contest 151,2019-08-25,4,compare-strings-by-frequency-of-the-smallest-character,1170,Compare Strings by Frequency of the Smallest Character,Medium,63.5
weekly-contest-151,Weekly Contest 151,2019-08-25,4,remove-zero-sum-consecutive-nodes-from-linked-list,1171,Remove Zero Sum Consecutive Nodes from Linked List,Medium,53.2
weekly-contest-151,Weekly Contest 151,2019-08-25,4,dinner-plate-stacks,1172,Dinner Plate Stacks,Hard,33.8
weekly-contest-152,Weekly Contest 152,2019-09-01,4,prime-arrangements,1175,Prime Arrangements,Easy,61.6
weekly-contest-152,Weekly Contest 152,2019-09-01,4,diet-plan-performance,1176,Diet Plan Performance,Easy,56.1
weekly-contest-152,Weekly Contest 152,2019-09-01,4,can-make-palindrome-from-substring,1177,Can Make Palindrome from Substring,Medium,42.0
weekly-contest-152,Weekly Contest 152,2019-09-01,4,number-of-valid-words-for-each-puzzle,1178,Number of Valid Words for Each Puzzle,Hard,48.0
weekly-contest-153,Weekly Contest 153,2019-09-08,4,distance-between-bus-stops,1184,Distance Between Bus Stops,Easy,55.6
weekly-contest-153,Weekly Contest 153,2019-09-08,4,day-of-the-week,1185,Day of the Week,Easy,59.4
weekly-contest-153,Weekly Contest 153,2019-09-08,4,maximum-subarray-sum-with-one-deletion,1186,Maximum Subarray Sum with One Deletion,Medium,48.7
weekly-contest-153,Weekly Contest 153,2019-09-08,4,make-array-strictly-increasing,1187,Make Array Strictly Increasing,Hard,58.1
weekly-contest-154,Weekly Contest 154,2019-09-15,4,maximum-number-of-balloons,1189,Maximum Number of Balloons,Easy,64.2
weekly-contest-154,Weekly Contest 154,2019-09-15,4,reverse-substrings-between-each-pair-of-parentheses,1190,Reverse Substrings Between Each Pair of Parentheses,Medium,72.1
weekly-contest-154,Weekly Contest 154,2019-09-15,4,k-concatenation-maximum-sum,1191,K-Concatenation Maximum Sum,Medium,25.9
weekly-contest-154,Weekly Contest 154,2019-09-15,4,critical-connections-in-a-network,1192,Critical Connections in a Network,Hard,60.2
weekly-contest-155,Weekly Contest 155,2019-09-22,4,minimum-absolute-difference,1200,Minimum Absolute Difference,Easy,75.2
weekly-contest-155,Weekly Contest 155,2019-09-22,4,ugly-number-iii,1201,Ugly Number III,Medium,31.7
weekly-contest-155,Weekly Contest 155,2019-09-22,4,smallest-string-with-swaps,1202,Smallest String With Swaps,Medium,60.8
weekly-contest-155,Weekly Contest 155,2019-09-22,4,sort-items-by-groups-respecting-dependencies,1203,Sort Items by Groups Respecting Dependencies,Hard,66.0
weekly-contest-156,Weekly Contest 156,2019-09-29,4,unique-number-of-occurrences,1207,Unique Number of Occurrences,Easy,78.8
weekly-contest-156,Weekly Contest 156,2019-09-29,4,get-equal-substrings-within-budget,1208,Get Equal Substrings Within Budget,Medium,59.9
weekly-contest-156,Weekly Contest 156,2019-09-29,4,remove-all-adjacent-duplicates-in-string-ii,1209,Remove All Adjacent Duplicates in String II,Medium,61.6
weekly-contest-156,Weekly Contest 156,2019-09-29,4,minimum-moves-to-reach-target-with-rotations,1210,Minimum Moves to Reach Target with Rotations,Hard,52.5
weekly-contest-157,Weekly Contest 157,2019-10-06,4,minimum-cost-to-move-chips-to-the-same-position,1217,Minimum Cost to Move Chips to The Same Position,Easy,73.1
weekly-contest-157,Weekly Contest 157,2019-10-06,4,longest-arithmetic-subsequence-of-given-difference,1218,Longest Arithmetic Subsequence of Given Difference,Medium,54.3
weekly-contest-157,Weekly Contest 157,2019-10-06,4,path-with-maximum-gold,1219,Path with Maximum Gold,Medium,68.5
weekly-contest-157,Weekly Contest 157,2019-10-06,4,count-vowels-permutation,1220,Count Vowels Permutation,Hard,61.3
weekly-contest-158,Weekly Contest 158,2019-10-13,4,split-a-string-in-balanced-strings,1221,Split a String in Balanced Strings,Easy,87.5
weekly-contest-158,Weekly Contest 158,2019-10-13,4,queens-that-can-attack-the-king,1222,Queens That Can Attack the King,Medium,72.8
weekly-contest-158,Weekly Contest 158,2019-10-13,4,dice-roll-simulation,1223,Dice Roll Simulation,Hard,51.1
weekly-contest-158,Weekly Contest 158,2019-10-13,4,maximum-equal-frequency,1224,Maximum Equal Frequency,Hard,38.3
weekly-contest-159,Weekly Contest 159,2019-10-20,4,check-if-it-is-a-straight-line,1232,Check If It Is a Straight Line,Easy,40.2
weekly-contest-159,Weekly Contest 159,2019-10-20,4,remove-sub-folders-from-the-filesystem,1233,Remove Sub-Folders from the Filesystem,Medium,78.6
weekly-contest-159,Weekly Contest 159,2019-10-20,4,replace-the-substring-for-balanced-string,1234,Replace the Substring for Balanced String,Medium,41.2
weekly-contest-159,Weekly Contest 159,2019-10-20,4,maximum-profit-in-job-scheduling,1235,Maximum Profit in Job Scheduling,Hard,54.8
weekly-contest-160,Weekly Contest 160,2019-10-27,4,find-positive-integer-solution-for-a-given-equation,1237,Find Positive Integer Solution for a Given Equation,Medium,70.1
weekly-contest-160,Weekly Contest 160,2019-10-27,4,circular-permutation-in-binary-representation,1238,Circular Permutation in Binary Representation,Medium,72.9
weekly-contest-160,Weekly Contest 160,2019-10-27,4,maximum-length-of-a-concatenated-string-with-unique-characters,1239,Maximum Length of a Concatenated String with Unique Characters,Medium,54.9
weekly-contest-160,Weekly Contest 160,2019-10-27,4,tiling-a-rectangle-with-the-fewest-squares,1240,Tiling a Rectangle with the Fewest Squares,Hard,55.2
weekly-contest-161,Weekly Contest 161,2019-11-03,4,minimum-swaps-to-make-strings-equal,1247,Minimum Swaps to Make Strings Equal,Medium,65.5
weekly-contest-161,Weekly Contest 161,2019-11-03,4,count-number-of-nice-subarrays,1248,Count Number of Nice Subarrays,Medium,75.5
weekly-contest-161,Weekly Contest 161,2019-11-03,4,minimum-remove-to-make-valid-parentheses,1249,Minimum Remove to Make Valid Parentheses,Medium,71.5
weekly-contest-161,Weekly Contest 161,2019-11-03,4,check-if-it-is-a-good-array,1250,Check If It Is a Good Array,Hard,65.6
weekly-contest-162,Weekly Contest 162,2019-11-10,4,cells-with-odd-values-in-a-matrix,1252,Cells with Odd Values in a Matrix,Easy,79.9
weekly-contest-162,Weekly Contest 162,2019-11-10,4,reconstruct-a-2-row-binary-matrix,1253,Reconstruct a 2-Row Binary Matrix,Medium,49.1
weekly-contest-162,Weekly Contest 162,2019-11-10,4,number-of-closed-islands,1254,Number of Closed Islands,Medium,67.2
weekly-contest-162,Weekly Contest 162,2019-11-10,4,maximum-score-words-formed-by-letters,1255,Maximum Score Words Formed by Letters,Hard,81.5
weekly-contest-163,Weekly Contest 163,2019-11-17,4,shift-2d-grid,1260,Shift 2D Grid,Easy,74.4
weekly-contest-163,Weekly Contest 163,2019-11-17,4,find-elements-in-a-contaminated-binary-tree,1261,Find Elements in a Contaminated Binary Tree,Medium,84.1
weekly-contest-163,Weekly Contest 163,2019-11-17,4,greatest-sum-divisible-by-three,1262,Greatest Sum Divisible by Three,Medium,57.0
weekly-contest-163,Weekly Contest 163,2019-11-17,4,minimum-moves-to-move-a-box-to-their-target-location,1263,Minimum Moves to Move a Box to Their Target Location,Hard,49.9
weekly-contest-164,Weekly Contest 164,2019-11-24,4,minimum-time-visiting-all-points,1266,Minimum Time Visiting All Points,Easy,84.8
weekly-contest-164,Weekly Contest 164,2019-11-24,4,count-servers-that-communicate,1267,Count Servers that Communicate,Medium,73.6
weekly-contest-164,Weekly Contest 164,2019-11-24,4,search-suggestions-system,1268,Search Suggestions System,Medium,65.2
weekly-contest-164,Weekly Contest 164,2019-11-24,4,number-of-ways-to-stay-in-the-same-place-after-some-steps,1269,Number of Ways to Stay in the Same Place After Some Steps,Hard,50.2
weekly-contest-165,Weekly Contest 165,2019-12-01,4,find-winner-on-a-tic-tac-toe-game,1275,Find Winner on a Tic Tac Toe Game,Easy,54.7
weekly-contest-165,Weekly Contest 165,2019-12-01,4,number-of-burgers-with-no-waste-of-ingredients,1276,Number of Burgers with No Waste of Ingredients,Medium,51.1
weekly-contest-165,Weekly Contest 165,2019-12-01,4,count-square-submatrices-with-all-ones,1277,Count Square Submatrices with All Ones,Medium,80.8
weekly-contest-165,Weekly Contest 165,2019-12-01,4,palindrome-partitioning-iii,1278,Palindrome Partitioning III,Hard,62.2
weekly-contest-166,Weekly Contest 166,2019-12-08,4,subtract-the-product-and-sum-of-digits-of-an-integer,1281,Subtract the Product and Sum of Digits of an Integer,Easy,86.6
weekly-contest-166,Weekly Contest 166,2019-12-08,4,group-the-people-given-the-group-size-they-belong-to,1282,Group the People Given the Group Size They Belong To,Medium,87.5
weekly-contest-166,Weekly Contest 166,2019-12-08,4,find-the-smallest-divisor-given-a-threshold,1283,Find the Smallest Divisor Given a Threshold,Medium,66.4
weekly-contest-166,Weekly Contest 166,2019-12-08,4,minimum-number-of-flips-to-convert-binary-matrix-to-zero-matrix,1284,Minimum Number of Flips to Convert Binary Matrix to Zero Matrix,Hard,72.9
weekly-contest-167,Weekly Contest 167,2019-12-15,4,convert-binary-number-in-a-linked-list-to-integer,1290,Convert Binary Number in a Linked List to Integer,Easy,82.4
weekly-contest-167,Weekly Contest 167,2019-12-15,4,sequential-digits,1291,Sequential Digits,Medium,68.6
weekly-contest-167,Weekly Contest 167,2019-12-15,4,maximum-side-length-of-a-square-with-sum-less-than-or-equal-to-threshold,1292,Maximum Side Length of a Square with Sum Less than or Equal to Threshold,Medium,65.4
weekly-contest-167,Weekly Contest 167,2019-12-15,4,shortest-path-in-a-grid-with-obstacles-elimination,1293,Shortest Path in a Grid with Obstacles Elimination,Hard,46.6
weekly-contest-168,Weekly Contest 168,2019-12-22,4,find-numbers-with-even-number-of-digits,1295,Find Numbers with Even Number of Digits,Easy,79.9
weekly-contest-168,Weekly Contest 168,2019-12-22,4,divide-array-in-sets-of-k-consecutive-numbers,1296,Divide Array in Sets of K Consecutive Numbers,Medium,59.4
weekly-contest-168,Weekly Contest 168,2019-12-22,4,maximum-number-of-occurrences-of-a-substring,1297,Maximum Number of Occurrences of a Substring,Medium,54.7
weekly-contest-168,Weekly Contest 168,2019-12-22,4,maximum-candies-you-can-get-from-boxes,1298,Maximum Candies You Can Get from Boxes,Hard,67.2
weekly-contest-169,Weekly Contest 169,2019-12-29,4,find-n-unique-integers-sum-up-to-zero,1304,Find N Unique Integers Sum up to Zero,Easy,78.4
weekly-contest-169,Weekly Contest 169,2019-12-29,4,all-elements-in-two-binary-search-trees,1305,All Elements in Two Binary Search Trees,Medium,80.3
weekly-contest-169,Weekly Contest 169,2019-12-29,4,jump-game-iii,1306,Jump Game III,Medium,70.4
weekly-contest-169,Weekly Contest 169,2019-12-29,4,verbal-arithmetic-puzzle,1307,Verbal Arithmetic Puzzle,Hard,33.4
weekly-contest-170,Weekly Contest 170,2020-01-05,4,decrypt-string-from-alphabet-to-integer-mapping,1309,Decrypt String from Alphabet to Integer Mapping,Easy,80.6
weekly-contest-170,Weekly Contest 170,2020-01-05,4,xor-queries-of-a-subarray,1310,XOR Queries of a Subarray,Medium,78.0
weekly-contest-170,Weekly Contest 170,2020-01-05,4,get-watched-videos-by-your-friends,1311,Get Watched Videos by Your Friends,Medium,53.6
weekly-contest-170,Weekly Contest 170,2020-01-05,4,minimum-insertion-steps-to-make-a-string-palindrome,1312,Minimum Insertion Steps to Make a String Palindrome,Hard,74.3
weekly-contest-171,Weekly Contest 171,2020-01-12,4,convert-integer-to-the-sum-of-two-no-zero-integers,1317,Convert Integer to the Sum of Two No-Zero Integers,Easy,59.1
weekly-contest-171,Weekly Contest 171,2020-01-12,4,minimum-flips-to-make-a-or-b-equal-to-c,1318,Minimum Flips to Make a OR b Equal to c,Medium,72.0
weekly-contest-171,Weekly Contest 171,2020-01-12,4,number-of-operations-to-make-network-connected,1319,Number of Operations to Make Network Connected,Medium,67.0
weekly-contest-171,Weekly Contest 171,2020-01-12,4,minimum-distance-to-type-a-word-using-two-fingers,1320,Minimum Distance to Type a Word Using Two Fingers,Hard,72.3
weekly-contest-172,Weekly Contest 172,2020-01-19,4,maximum-69-number,1323,Maximum 69 Number,Easy,84.6
weekly-contest-172,Weekly Contest 172,2020-01-19,4,print-words-vertically,1324,Print Words Vertically,Medium,67.9
weekly-contest-172,Weekly Contest 172,2020-01-19,4,delete-leaves-with-a-given-value,1325,Delete Leaves With a Given Value,Medium,77.2
weekly-contest-172,Weekly Contest 172,2020-01-19,4,minimum-number-of-taps-to-open-to-water-a-garden,1326,Minimum Number of Taps to Open to Water a Garden,Hard,51.0
weekly-contest-173,Weekly Contest 173,2020-01-26,4,remove-palindromic-subsequences,1332,Remove Palindromic Subsequences,Easy,77.2
weekly-contest-173,Weekly Contest 173,2020-01-26,4,filter-restaurants-by-vegan-friendly-price-and-distance,1333,"Filter Restaurants by Vegan-Friendly, Price and Distance",Medium,64.4
weekly-contest-173,Weekly Contest 173,2020-01-26,4,find-the-city-with-the-smallest-number-of-neighbors-at-a-threshold-distance,1334,Find the City With the Smallest Number of Neighbors at a Threshold Distance,Medium,73.4
weekly-contest-173,Weekly Contest 173,2020-01-26,4,minimum-difficulty-of-a-job-schedule,1335,Minimum Difficulty of a Job Schedule,Hard,59.8
weekly-contest-174,Weekly Contest 174,2020-02-02,4,the-k-weakest-rows-in-a-matrix,1337,The K Weakest Rows in a Matrix,Easy,74.4
weekly-contest-174,Weekly Contest 174,2020-02-02,4,reduce-array-size-to-the-half,1338,Reduce Array Size to The Half,Medium,69.4
weekly-contest-174,Weekly Contest 174,2020-02-02,4,maximum-product-of-splitted-binary-tree,1339,Maximum Product of Splitted Binary Tree,Medium,55.8
weekly-contest-174,Weekly Contest 174,2020-02-02,4,jump-game-v,1340,Jump Game V,Hard,75.8
weekly-contest-175,Weekly Contest 175,2020-02-09,4,check-if-n-and-its-double-exist,1346,Check If N and Its Double Exist,Easy,41.9
weekly-contest-175,Weekly Contest 175,2020-02-09,4,minimum-number-of-steps-to-make-two-strings-anagram,1347,Minimum Number of Steps to Make Two Strings Anagram,Medium,82.6
weekly-contest-175,Weekly Contest 175,2020-02-09,4,tweet-counts-per-frequency,1348,Tweet Counts Per Frequency,Medium,46.4
weekly-contest-175,Weekly Contest 175,2020-02-09,4,maximum-students-taking-exam,1349,Maximum Students Taking Exam,Hard,54.1
weekly-contest-176,Weekly Contest 176,2020-02-16,4,count-negative-numbers-in-a-sorted-matrix,1351,Count Negative Numbers in a Sorted Matrix,Easy,79.7
weekly-contest-176,Weekly Contest 176,2020-02-16,4,product-of-the-last-k-numbers,1352,Product of the Last K Numbers,Medium,63.0
weekly-contest-176,Weekly Contest 176,2020-02-16,4,maximum-number-of-events-that-can-be-attended,1353,Maximum Number of Events That Can Be Attended,Medium,39.0
weekly-contest-176,Weekly Contest 176,2020-02-16,4,construct-target-array-with-multiple-sums,1354,Construct Target Array With Multiple Sums,Hard,37.1
weekly-contest-177,Weekly Contest 177,2020-02-23,4,number-of-days-between-two-dates,1360,Number of Days Between Two Dates,Easy,53.0
weekly-contest-177,Weekly Contest 177,2020-02-23,4,validate-binary-tree-nodes,1361,Validate Binary Tree Nodes,Medium,44.2
weekly-contest-177,Weekly Contest 177,2020-02-23,4,closest-divisors,1362,Closest Divisors,Medium,62.4
weekly-contest-177,Weekly Contest 177,2020-02-23,4,largest-multiple-of-three,1363,Largest Multiple of Three,Hard,33.4
weekly-contest-178,Weekly Contest 178,2020-03-01,4,how-many-numbers-are-smaller-than-the-current-number,1365,How Many Numbers Are Smaller Than the Current Number,Easy,87.5
weekly-contest-178,Weekly Contest 178,2020-03-01,4,rank-teams-by-votes,1366,Rank Teams by Votes,Medium,60.0
weekly-contest-178,Weekly Contest 178,2020-03-01,4,linked-list-in-binary-tree,1367,Linked List in Binary Tree,Medium,52.0
weekly-contest-178,Weekly Contest 178,2020-03-01,4,minimum-cost-to-make-at-least-one-valid-path-in-a-grid,1368,Minimum Cost to Make at Least One Valid Path in a Grid,Hard,71.1
weekly-contest-179,Weekly Contest 179,2020-03-08,4,generate-a-string-with-characters-that-have-odd-counts,1374,Generate a String With Characters That Have Odd Counts,Easy,78.6
weekly-contest-179,Weekly Contest 179,2020-03-08,4,number-of-times-binary-string-is-prefix-aligned,1375,Number of Times Binary String Is Prefix-Aligned,Medium,66.1
weekly-contest-179,Weekly Contest 179,2020-03-08,4,time-needed-to-inform-all-employees,1376,Time Needed to Inform All Employees,Medium,60.6
weekly-contest-179,Weekly Contest 179,2020-03-08,4,frog-position-after-t-seconds,1377,Frog Position After T Seconds,Hard,38.7
weekly-contest-180,Weekly Contest 180,2020-03-15,4,lucky-numbers-in-a-matrix,1380,Lucky Numbers in a Matrix,Easy,80.1
weekly-contest-180,Weekly Contest 180,2020-03-15,4,design-a-stack-with-increment-operation,1381,Design a Stack With Increment Operation,Medium,79.9
weekly-contest-180,Weekly Contest 180,2020-03-15,4,balance-a-binary-search-tree,1382,Balance a Binary Search Tree,Medium,86.3
weekly-contest-180,Weekly Contest 180,2020-03-15,4,maximum-performance-of-a-team,1383,Maximum Performance of a Team,Hard,48.0
weekly-contest-181,Weekly Contest 181,2020-03-22,4,create-target-array-in-the-given-order,1389,Create Target Array in the Given Order,Easy,86.6
weekly-contest-181,Weekly Contest 181,2020-03-22,4,four-divisors,1390,Four Divisors,Medium,56.5
weekly-contest-181,Weekly Contest 181,2020-03-22,4,check-if-there-is-a-valid-path-in-a-grid,1391,Check if There is a Valid Path in a Grid,Medium,64.5
weekly-contest-181,Weekly Contest 181,2020-03-22,4,longest-happy-prefix,1392,Longest Happy Prefix,Hard,53.6
weekly-contest-182,Weekly Contest 182,2020-03-29,4,find-lucky-integer-in-an-array,1394,Find Lucky Integer in an Array,Easy,75.6
weekly-contest-182,Weekly Contest 182,2020-03-29,4,count-number-of-teams,1395,Count Number of Teams,Medium,70.2
weekly-contest-182,Weekly Contest 182,2020-03-29,4,design-underground-system,1396,Design Underground System,Medium,74.6
weekly-contest-182,Weekly Contest 182,2020-03-29,4,find-all-good-strings,1397,Find All Good Strings,Hard,45.8
weekly-contest-183,Weekly Contest 183,2020-04-05,4,minimum-subsequence-in-non-increasing-order,1403,Minimum Subsequence in Non-Increasing Order,Easy,74.0
weekly-contest-183,Weekly Contest 183,2020-04-05,4,number-of-steps-to-reduce-a-number-in-binary-representation-to-one,1404,Number of Steps to Reduce a Number in Binary Representation to One,Medium,63.7
weekly-contest-183,Weekly Contest 183,2020-04-05,4,longest-happy-string,1405,Longest Happy String,Medium,65.5
weekly-contest-183,Weekly Contest 183,2020-04-05,4,stone-game-iii,1406,Stone Game III,Hard,63.3
weekly-contest-184,Weekly Contest 184,2020-04-12,4,string-matching-in-an-array,1408,String Matching in an Array,Easy,69.8
weekly-contest-184,Weekly Contest 184,2020-04-12,4,queries-on-a-permutation-with-key,1409,Queries on a Permutation With Key,Medium,84.9
weekly-contest-184,Weekly Contest 184,2020-04-12,4,html-entity-parser,1410,HTML Entity Parser,Medium,50.0
weekly-contest-184,Weekly Contest 184,2020-04-12,4,number-of-ways-to-paint-n-3-grid,1411,Number of Ways to Paint N × 3 Grid,Hard,80.5
weekly-contest-185,Weekly Contest 185,2020-04-19,4,reformat-the-string,1417,Reformat The String,Easy,52.2
weekly-contest-185,Weekly Contest 185,2020-04-19,4,display-table-of-food-orders-in-a-restaurant,1418,Display Table of Food Orders in a Restaurant,Medium,76.4
weekly-contest-185,Weekly Contest 185,2020-04-19,4,minimum-number-of-frogs-croaking,1419,Minimum Number of Frogs Croaking,Medium,51.2
weekly-contest-185,Weekly Contest 185,2020-04-19,4,build-array-where-you-can-find-the-maximum-exactly-k-comparisons,1420,Build Array Where You Can Find The Maximum Exactly K Comparisons,Hard,65.4
weekly-contest-186,Weekly Contest 186,2020-04-26,4,maximum-score-after-splitting-a-string,1422,Maximum Score After Splitting a String,Easy,65.1
weekly-contest-186,Weekly Contest 186,2020-04-26,4,maximum-points-you-can-obtain-from-cards,1423,Maximum Points You Can Obtain from Cards,Medium,58.1
weekly-contest-186,Weekly Contest 186,2020-04-26,4,diagonal-traverse-ii,1424,Diagonal Traverse II,Medium,58.3
weekly-contest-186,Weekly Contest 186,2020-04-26,4,constrained-subsequence-sum,1425,Constrained Subsequence Sum,Hard,56.5
weekly-contest-187,Weekly Contest 187,2020-05-03,4,destination-city,1436,Destination City,Easy,79.5
weekly-contest-187,Weekly Contest 187,2020-05-03,4,check-if-all-1s-are-at-least-length-k-places-away,1437,Check If All 1's Are at Least Length K Places Away,Easy,64.3
weekly-contest-187,Weekly Contest 187,2020-05-03,4,longest-continuous-subarray-with-absolute-diff-less-than-or-equal-to-limit,1438,Longest Continuous Subarray With Absolute Diff Less Than or Equal to Limit,Medium,57.9
weekly-contest-187,Weekly Contest 187,2020-05-03,4,find-the-kth-smallest-sum-of-a-matrix-with-sorted-rows,1439,Find the Kth Smallest Sum of a Matrix With Sorted Rows,Hard,62.4
weekly-contest-188,Weekly Contest 188,2020-05-10,4,build-an-array-with-stack-operations,1441,Build an Array With Stack Operations,Medium,80.8
weekly-contest-188,Weekly Contest 188,2020-05-10,4,count-triplets-that-can-form-two-arrays-of-equal-xor,1442,Count Triplets That Can Form Two Arrays of Equal XOR,Medium,84.8
weekly-contest-188,Weekly Contest 188,2020-05-10,4,minimum-time-to-collect-all-apples-in-a-tree,1443,Minimum Time to Collect All Apples in a Tree,Medium,63.8
weekly-contest-188,Weekly Contest 188,2020-05-10,4,number-of-ways-of-cutting-a-pizza,1444,Number of Ways of Cutting a Pizza,Hard,61.6
weekly-contest-189,Weekly Contest 189,2020-05-17,4,number-of-students-doing-homework-at-a-given-time,1450,Number of Students Doing Homework at a Given Time,Easy,75.9
weekly-contest-189,Weekly Contest 189,2020-05-17,4,rearrange-words-in-a-sentence,1451,Rearrange Words in a Sentence,Medium,67.2
weekly-contest-189,Weekly Contest 189,2020-05-17,4,people-whose-list-of-favorite-companies-is-not-a-subset-of-another-list,1452,People Whose List of Favorite Companies Is Not a Subset of Another List,Medium,60.7
weekly-contest-189,Weekly Contest 189,2020-05-17,4,maximum-number-of-darts-inside-of-a-circular-dartboard,1453,Maximum Number of Darts Inside of a Circular Dartboard,Hard,41.2
weekly-contest-190,Weekly Contest 190,2020-05-24,4,check-if-a-word-occurs-as-a-prefix-of-any-word-in-a-sentence,1455,Check If a Word Occurs As a Prefix of Any Word in a Sentence,Easy,68.8
weekly-contest-190,Weekly Contest 190,2020-05-24,4,maximum-number-of-vowels-in-a-substring-of-given-length,1456,Maximum Number of Vowels in a Substring of Given Length,Medium,62.5
weekly-contest-190,Weekly Contest 190,2020-05-24,4,pseudo-palindromic-paths-in-a-binary-tree,1457,Pseudo-Palindromic Paths in a Binary Tree,Medium,68.4
weekly-contest-190,Weekly Contest 190,2020-05-24,4,max-dot-product-of-two-subsequences,1458,Max Dot Product of Two Subsequences,Hard,69.4
weekly-contest-191,Weekly Contest 191,2020-05-31,4,maximum-product-of-two-elements-in-an-array,1464,Maximum Product of Two Elements in an Array,Easy,84.9
weekly-contest-191,Weekly Contest 191,2020-05-31,4,maximum-area-of-a-piece-of-cake-after-horizontal-and-vertical-cuts,1465,Maximum Area of a Piece of Cake After Horizontal and Vertical Cuts,Medium,41.5
weekly-contest-191,Weekly Contest 191,2020-05-31,4,reorder-routes-to-make-all-paths-lead-to-the-city-zero,1466,Reorder Routes to Make All Paths Lead to the City Zero,Medium,66.0
weekly-contest-191,Weekly Contest 191,2020-05-31,4,probability-of-a-two-boxes-having-the-same-number-of-distinct-balls,1467,Probability of a Two Boxes Having The Same Number of Distinct Balls,Hard,61.5
weekly-contest-192,Weekly Contest 192,2020-06-07,4,shuffle-the-array,1470,Shuffle the Array,Easy,88.7
weekly-contest-192,Weekly Contest 192,2020-06-07,4,the-k-strongest-values-in-an-array,1471,The k Strongest Values in an Array,Medium,62.8
weekly-contest-192,Weekly Contest 192,2020-06-07,4,design-browser-history,1472,Design Browser History,Medium,78.4
weekly-contest-192,Weekly Contest 192,2020-06-07,4,paint-house-iii,1473,Paint House III,Hard,61.2
weekly-contest-193,Weekly Contest 193,2020-06-14,4,running-sum-of-1d-array,1480,Running Sum of 1d Array,Easy,87.0
weekly-contest-193,Weekly Contest 193,2020-06-14,4,least-number-of-unique-integers-after-k-removals,1481,Least Number of Unique Integers after K Removals,Medium,63.9
weekly-contest-193,Weekly Contest 193,2020-06-14,4,minimum-number-of-days-to-make-m-bouquets,1482,Minimum Number of Days to Make m Bouquets,Medium,56.9
weekly-contest-193,Weekly Contest 193,2020-06-14,4,kth-ancestor-of-a-tree-node,1483,Kth Ancestor of a Tree Node,Hard,39.2
weekly-contest-194,Weekly Contest 194,2020-06-21,4,xor-operation-in-an-array,1486,XOR Operation in an Array,Easy,87.8
weekly-contest-194,Weekly Contest 194,2020-06-21,4,making-file-names-unique,1487,Making File Names Unique,Medium,38.8
weekly-contest-194,Weekly Contest 194,2020-06-21,4,avoid-flood-in-the-city,1488,Avoid Flood in The City,Medium,39.0
weekly-contest-194,Weekly Contest 194,2020-06-21,4,find-critical-and-pseudo-critical-edges-in-minimum-spanning-tree,1489,Find Critical and Pseudo-Critical Edges in Minimum Spanning Tree,Hard,66.7
weekly-contest-195,Weekly Contest 195,2020-06-28,4,path-crossing,1496,Path Crossing,Easy,62.7
weekly-contest-195,Weekly Contest 195,2020-06-28,4,check-if-array-pairs-are-divisible-by-k,1497,Check If Array Pairs Are Divisible by k,Medium,46.2
weekly-contest-195,Weekly Contest 195,2020-06-28,4,number-of-subsequences-that-satisfy-the-given-sum-condition,1498,Number of Subsequences That Satisfy the Given Sum Condition,Medium,49.1
weekly-contest-195,Weekly Contest 195,2020-06-28,4,max-value-of-equation,1499,Max Value of Equation,Hard,45.1
weekly-contest-196,Weekly Contest 196,2020-07-05,4,can-make-arithmetic-progression-from-sequence,1502,Can Make Arithmetic Progression From Sequence,Easy,68.7
weekly-contest-196,Weekly Contest 196,2020-07-05,4,last-moment-before-all-ants-fall-out-of-a-plank,1503,Last Moment Before All Ants Fall Out of a Plank,Medium,68.1
weekly-contest-196,Weekly Contest 196,2020-07-05,4,count-submatrices-with-all-ones,1504,Count Submatrices With All Ones,Medium,71.0
weekly-contest-196,Weekly Contest 196,2020-07-05,4,minimum-possible-integer-after-at-most-k-adjacent-swaps-on-digits,1505,Minimum Possible Integer After at Most K Adjacent Swaps On Digits,Hard,41.6
weekly-contest-197,Weekly Contest 197,2020-07-12,4,number-of-good-pairs,1512,Number of Good Pairs,Easy,89.9
weekly-contest-197,Weekly Contest 197,2020-07-12,4,number-of-substrings-with-only-1s,1513,Number of Substrings With Only 1s,Medium,57.4
weekly-contest-197,Weekly Contest 197,2020-07-12,4,path-with-maximum-probability,1514,Path with Maximum Probability,Medium,65.7
weekly-contest-197,Weekly Contest 197,2020-07-12,4,best-position-for-a-service-centre,1515,Best Position for a Service Centre,Hard,35.5
weekly-contest-198,Weekly Contest 198,2020-07-19,4,water-bottles,1518,Water Bottles,Easy,72.6
weekly-contest-198,Weekly Contest 198,2020-07-19,4,number-of-nodes-in-the-sub-tree-with-the-same-label,1519,Number of Nodes in the Sub-Tree With the Same Label,Medium,55.6
weekly-contest-198,Weekly Contest 198,2020-07-19,4,maximum-number-of-non-overlapping-substrings,1520,Maximum Number of Non-Overlapping Substrings,Hard,43.4
weekly-contest-198,Weekly Contest 198,2020-07-19,4,find-a-value-of-a-mysterious-function-closest-to-target,1521,Find a Value of a Mysterious Function Closest to Target,Hard,47.6
weekly-contest-199,Weekly Contest 199,2020-07-26,4,shuffle-string,1528,Shuffle String,Easy,85.5
weekly-contest-199,Weekly Contest 199,2020-07-26,4,minimum-suffix-flips,1529,Minimum Suffix Flips,Medium,73.9
weekly-contest-199,Weekly Contest 199,2020-07-26,4,number-of-good-leaf-nodes-pairs,1530,Number of Good Leaf Nodes Pairs,Medium,71.8
weekly-contest-199,Weekly Contest 199,2020-07-26,4,string-compression-ii,1531,String Compression II,Hard,52.2
weekly-contest-200,Weekly Contest 200,2020-08-02,4,count-good-triplets,1534,Count Good Triplets,Easy,85.5
weekly-contest-200,Weekly Contest 200,2020-08-02,4,find-the-winner-of-an-array-game,1535,Find the Winner of an Array Game,Medium,56.8
weekly-contest-200,Weekly Contest 200,2020-08-02,4,minimum-swaps-to-arrange-a-binary-grid,1536,Minimum Swaps to Arrange a Binary Grid,Medium,70.2
weekly-contest-200,Weekly Contest 200,2020-08-02,4,get-the-maximum-score,1537,Get the Maximum Score,Hard,41.3
weekly-contest-201,Weekly Contest 201,2020-08-09,4,make-the-string-great,1544,Make The String Great,Easy,68.6
weekly-contest-201,Weekly Contest 201,2020-08-09,4,find-kth-bit-in-nth-binary-string,1545,Find Kth Bit in Nth Binary String,Medium,73.7
weekly-contest-201,Weekly Contest 201,2020-08-09,4,maximum-number-of-non-overlapping-subarrays-with-sum-equals-target,1546,Maximum Number of Non-Overlapping Subarrays With Sum Equals Target,Medium,49.1
weekly-contest-201,Weekly Contest 201,2020-08-09,4,minimum-cost-to-cut-a-stick,1547,Minimum Cost to Cut a Stick,Hard,63.3
weekly-contest-202,Weekly Contest 202,2020-08-16,4,three-consecutive-odds,1550,Three Consecutive Odds,Easy,69.3
weekly-contest-202,Weekly Contest 202,2020-08-16,4,minimum-operations-to-make-array-equal,1551,Minimum Operations to Make Array Equal,Medium,82.7
weekly-contest-202,Weekly Contest 202,2020-08-16,4,magnetic-force-between-two-balls,1552,Magnetic Force Between Two Balls,Medium,72.4
weekly-contest-202,Weekly Contest 202,2020-08-16,4,minimum-number-of-days-to-eat-n-oranges,1553,Minimum Number of Days to Eat N Oranges,Hard,36.3
weekly-contest-203,Weekly Contest 203,2020-08-23,4,most-visited-sector-in-a-circular-track,1560,Most Visited Sector in  a Circular Track,Easy,59.9
weekly-contest-203,Weekly Contest 203,2020-08-23,4,maximum-number-of-coins-you-can-get,1561,Maximum Number of Coins You Can Get,Medium,84.8
weekly-contest-203,Weekly Contest 203,2020-08-23,4,find-latest-group-of-size-m,1562,Find Latest Group of Size M,Medium,43.9
weekly-contest-203,Weekly Contest 203,2020-08-23,4,stone-game-v,1563,Stone Game V,Hard,42.1
weekly-contest-204,Weekly Contest 204,2020-08-30,4,detect-pattern-of-length-m-repeated-k-or-more-times,1566,Detect Pattern of Length M Repeated K or More Times,Easy,44.1
weekly-contest-204,Weekly Contest 204,2020-08-30,4,maximum-length-of-subarray-with-positive-product,1567,Maximum Length of Subarray With Positive Product,Medium,44.7
weekly-contest-204,Weekly Contest 204,2020-08-30,4,minimum-number-of-days-to-disconnect-island,1568,Minimum Number of Days to Disconnect Island,Hard,58.7
weekly-contest-204,Weekly Contest 204,2020-08-30,4,number-of-ways-to-reorder-array-to-get-same-bst,1569,Number of Ways to Reorder Array to Get Same BST,Hard,54.1
weekly-contest-205,Weekly Contest 205,2020-09-06,4,replace-all-s-to-avoid-consecutive-repeating-characters,1576,Replace All ?'s to Avoid Consecutive Repeating Characters,Easy,45.3
weekly-contest-205,Weekly Contest 205,2020-09-06,4,number-of-ways-where-square-of-number-is-equal-to-product-of-two-numbers,1577,Number of Ways Where Square of Number Is Equal to Product of Two Numbers,Medium,43.7
weekly-contest-205,Weekly Contest 205,2020-09-06,4,minimum-time-to-make-rope-colorful,1578,Minimum Time to Make Rope Colorful,Medium,65.2
weekly-contest-205,Weekly Contest 205,2020-09-06,4,remove-max-number-of-edges-to-keep-graph-fully-traversable,1579,Remove Max Number of Edges to Keep Graph Fully Traversable,Hard,70.1
weekly-contest-206,Weekly Contest 206,2020-09-13,4,special-positions-in-a-binary-matrix,1582,Special Positions in a Binary Matrix,Easy,72.7
weekly-contest-206,Weekly Contest 206,2020-09-13,4,count-unhappy-friends,1583,Count Unhappy Friends,Medium,62.6
weekly-contest-206,Weekly Contest 206,2020-09-13,4,min-cost-to-connect-all-points,1584,Min Cost to Connect All Points,Medium,71.4
weekly-contest-206,Weekly Contest 206,2020-09-13,4,check-if-string-is-transformable-with-substring-sort-operations,1585,Check If String Is Transformable With Substring Sort Operations,Hard,51.5
weekly-contest-207,Weekly Contest 207,2020-09-20,4,rearrange-spaces-between-words,1592,Rearrange Spaces Between Words,Easy,44.3
weekly-contest-207,Weekly Contest 207,2020-09-20,4,split-a-string-into-the-max-number-of-unique-substrings,1593,Split a String Into the Max Number of Unique Substrings,Medium,68.7
weekly-contest-207,Weekly Contest 207,2020-09-20,4,maximum-non-negative-product-in-a-matrix,1594,Maximum Non Negative Product in a Matrix,Medium,51.6
weekly-contest-207,Weekly Contest 207,2020-09-20,4,minimum-cost-to-connect-two-groups-of-points,1595,Minimum Cost to Connect Two Groups of Points,Hard,50.3
weekly-contest-208,Weekly Contest 208,2020-09-27,4,crawler-log-folder,1598,Crawler Log Folder,Easy,71.7
weekly-contest-208,Weekly Contest 208,2020-09-27,4,maximum-profit-of-operating-a-centennial-wheel,1599,Maximum Profit of Operating a Centennial Wheel,Medium,44.6
weekly-contest-208,Weekly Contest 208,2020-09-27,4,throne-inheritance,1600,Throne Inheritance,Medium,67.7
weekly-contest-208,Weekly Contest 208,2020-09-27,4,maximum-number-of-achievable-transfer-requests,1601,Maximum Number of Achievable Transfer Requests,Hard,64.7
weekly-contest-209,Weekly Contest 209,2020-10-04,4,special-array-with-x-elements-greater-than-or-equal-x,1608,Special Array With X Elements Greater Than or Equal X,Easy,66.9
weekly-contest-209,Weekly Contest 209,2020-10-04,4,even-odd-tree,1609,Even Odd Tree,Medium,67.2
weekly-contest-209,Weekly Contest 209,2020-10-04,4,maximum-number-of-visible-points,1610,Maximum Number of Visible Points,Hard,38.3
weekly-contest-209,Weekly Contest 209,2020-10-04,4,minimum-one-bit-operations-to-make-integers-zero,1611,Minimum One Bit Operations to Make Integers Zero,Hard,78.2
weekly-contest-210,Weekly Contest 210,2020-10-11,4,maximum-nesting-depth-of-the-parentheses,1614,Maximum Nesting Depth of the Parentheses,Easy,85.0
weekly-contest-210,Weekly Contest 210,2020-10-11,4,maximal-network-rank,1615,Maximal Network Rank,Medium,66.1
weekly-contest-210,Weekly Contest 210,2020-10-11,4,split-two-strings-to-make-palindrome,1616,Split Two Strings to Make Palindrome,Medium,32.5
weekly-contest-210,Weekly Contest 210,2020-10-11,4,count-subtrees-with-max-distance-between-cities,1617,Count Subtrees With Max Distance Between Cities,Hard,67.4
weekly-contest-211,Weekly Contest 211,2020-10-18,4,largest-substring-between-two-equal-characters,1624,Largest Substring Between Two Equal Characters,Easy,68.3
weekly-contest-211,Weekly Contest 211,2020-10-18,4,lexicographically-smallest-string-after-applying-operations,1625,Lexicographically Smallest String After Applying Operations,Medium,79.3
weekly-contest-211,Weekly Contest 211,2020-10-18,4,best-team-with-no-conflicts,1626,Best Team With No Conflicts,Medium,50.8
weekly-contest-211,Weekly Contest 211,2020-10-18,4,graph-connectivity-with-threshold,1627,Graph Connectivity With Threshold,Hard,49.7
weekly-contest-212,Weekly Contest 212,2020-10-25,4,slowest-key,1629,Slowest Key,Easy,59.7
weekly-contest-212,Weekly Contest 212,2020-10-25,4,arithmetic-subarrays,1630,Arithmetic Subarrays,Medium,83.7
weekly-contest-212,Weekly Contest 212,2020-10-25,4,path-with-minimum-effort,1631,Path With Minimum Effort,Medium,63.7
weekly-contest-212,Weekly Contest 212,2020-10-25,4,rank-transform-of-a-matrix,1632,Rank Transform of a Matrix,Hard,42.5
weekly-contest-213,Weekly Contest 213,2020-11-01,4,check-array-formation-through-concatenation,1640,Check Array Formation Through Concatenation,Easy,57.4
weekly-contest-213,Weekly Contest 213,2020-11-01,4,count-sorted-vowel-strings,1641,Count Sorted Vowel Strings,Medium,79.4
weekly-contest-213,Weekly Contest 213,2020-11-01,4,furthest-building-you-can-reach,1642,Furthest Building You Can Reach,Medium,51.0
weekly-contest-213,Weekly Contest 213,2020-11-01,4,kth-smallest-instructions,1643,Kth Smallest Instructions,Hard,44.5
weekly-contest-214,Weekly Contest 214,2020-11-08,4,get-maximum-in-generated-array,1646,Get Maximum in Generated Array,Easy,51.6
weekly-contest-214,Weekly Contest 214,2020-11-08,4,minimum-deletions-to-make-character-frequencies-unique,1647,Minimum Deletions to Make Character Frequencies Unique,Medium,61.5
weekly-contest-214,Weekly Contest 214,2020-11-08,4,sell-diminishing-valued-colored-balls,1648,Sell Diminishing-Valued Colored Balls,Medium,30.3
weekly-contest-214,Weekly Contest 214,2020-11-08,4,create-sorted-array-through-instructions,1649,Create Sorted Array through Instructions,Hard,42.2
weekly-contest-215,Weekly Contest 215,2020-11-15,4,design-an-ordered-stream,1656,Design an Ordered Stream,Easy,82.7
weekly-contest-215,Weekly Contest 215,2020-11-15,4,determine-if-two-strings-are-close,1657,Determine if Two Strings Are Close,Medium,54.4
weekly-contest-215,Weekly Contest 215,2020-11-15,4,minimum-operations-to-reduce-x-to-zero,1658,Minimum Operations to Reduce X to Zero,Medium,40.7
weekly-contest-215,Weekly Contest 215,2020-11-15,4,maximize-grid-happiness,1659,Maximize Grid Happiness,Hard,41.3
weekly-contest-216,Weekly Contest 216,2020-11-22,4,check-if-two-string-arrays-are-equivalent,1662,Check If Two String Arrays are Equivalent,Easy,86.2
weekly-contest-216,Weekly Contest 216,2020-11-22,4,smallest-string-with-a-given-numeric-value,1663,Smallest String With A Given Numeric Value,Medium,67.5
weekly-contest-216,Weekly Contest 216,2020-11-22,4,ways-to-make-a-fair-array,1664,Ways to Make a Fair Array,Medium,67.3
weekly-contest-216,Weekly Contest 216,2020-11-22,4,minimum-initial-energy-to-finish-tasks,1665,Minimum Initial Energy to Finish Tasks,Hard,76.5
weekly-contest-217,Weekly Contest 217,2020-11-29,4,richest-customer-wealth,1672,Richest Customer Wealth,Easy,88.8
weekly-contest-217,Weekly Contest 217,2020-11-29,4,find-the-most-competitive-subsequence,1673,Find the Most Competitive Subsequence,Medium,53.3
weekly-contest-217,Weekly Contest 217,2020-11-29,4,minimum-moves-to-make-array-complementary,1674,Minimum Moves to Make Array Complementary,Medium,64.8
weekly-contest-217,Weekly Contest 217,2020-11-29,4,minimize-deviation-in-array,1675,Minimize Deviation in Array,Hard,54.0
weekly-contest-218,Weekly Contest 218,2020-12-06,4,goal-parser-interpretation,1678,Goal Parser Interpretation,Easy,88.1
weekly-contest-218,Weekly Contest 218,2020-12-06,4,max-number-of-k-sum-pairs,1679,Max Number of K-Sum Pairs,Medium,57.2
weekly-contest-218,Weekly Contest 218,2020-12-06,4,concatenation-of-consecutive-binary-numbers,1680,Concatenation of Consecutive Binary Numbers,Medium,66.7
weekly-contest-218,Weekly Contest 218,2020-12-06,4,minimum-incompatibility,1681,Minimum Incompatibility,Hard,41.5
weekly-contest-219,Weekly Contest 219,2020-12-13,4,count-of-matches-in-tournament,1688,Count of Matches in Tournament,Easy,86.5
weekly-contest-219,Weekly Contest 219,2020-12-13,4,partitioning-into-minimum-number-of-deci-binary-numbers,1689,Partitioning Into Minimum Number Of Deci-Binary Numbers,Medium,90.5
weekly-contest-219,Weekly Contest 219,2020-12-13,4,stone-game-vii,1690,Stone Game VII,Medium,58.8
weekly-contest-219,Weekly Contest 219,2020-12-13,4,maximum-height-by-stacking-cuboids,1691,Maximum Height by Stacking Cuboids ,Hard,62.3
weekly-contest-220,Weekly Contest 220,2020-12-20,4,reformat-phone-number,1694,Reformat Phone Number,Easy,67.8
weekly-contest-220,Weekly Contest 220,2020-12-20,4,maximum-erasure-value,1695,Maximum Erasure Value,Medium,64.4
weekly-contest-220,Weekly Contest 220,2020-12-20,4,jump-game-vi,1696,Jump Game VI,Medium,46.5
weekly-contest-220,Weekly Contest 220,2020-12-20,4,checking-existence-of-edge-length-limited-paths,1697,Checking Existence of Edge Length Limited Paths,Hard,63.5
weekly-contest-221,Weekly Contest 221,2020-12-27,4,determine-if-string-halves-are-alike,1704,Determine if String Halves Are Alike,Easy,78.8
weekly-contest-221,Weekly Contest 221,2020-12-27,4,maximum-number-of-eaten-apples,1705,Maximum Number of Eaten Apples,Medium,43.8
weekly-contest-221,Weekly Contest 221,2020-12-27,4,where-will-the-ball-fall,1706,Where Will the Ball Fall,Medium,72.3
weekly-contest-221,Weekly Contest 221,2020-12-27,4,maximum-xor-with-an-element-from-array,1707,Maximum XOR With an Element From Array,Hard,59.0
weekly-contest-222,Weekly Contest 222,2021-01-03,4,maximum-units-on-a-truck,1710,Maximum Units on a Truck,Easy,75.1
weekly-contest-222,Weekly Contest 222,2021-01-03,4,count-good-meals,1711,Count Good Meals,Medium,33.0
weekly-contest-222,Weekly Contest 222,2021-01-03,4,ways-to-split-array-into-three-subarrays,1712,Ways to Split Array Into Three Subarrays,Medium,34.5
weekly-contest-222,Weekly Contest 222,2021-01-03,4,minimum-operations-to-make-a-subsequence,1713,Minimum Operations to Make a Subsequence,Hard,49.9
weekly-contest-223,Weekly Contest 223,2021-01-10,4,decode-xored-array,1720,Decode XORed Array,Easy,87.4
weekly-contest-223,Weekly Contest 223,2021-01-10,4,swapping-nodes-in-a-linked-list,1721,Swapping Nodes in a Linked List,Medium,69.6
weekly-contest-223,Weekly Contest 223,2021-01-10,4,minimize-hamming-distance-after-swap-operations,1722,Minimize Hamming Distance After Swap Operations,Medium,69.6
weekly-contest-223,Weekly Contest 223,2021-01-10,4,find-minimum-time-to-finish-all-jobs,1723,Find Minimum Time to Finish All Jobs,Hard,46.1
weekly-contest-224,Weekly Contest 224,2021-01-17,4,number-of-rectangles-that-can-form-the-largest-square,1725,Number Of Rectangles That Can Form The Largest Square,Easy,79.5
weekly-contest-224,Weekly Contest 224,2021-01-17,4,tuple-with-same-product,1726,Tuple with Same Product,Medium,70.1
weekly-contest-224,Weekly Contest 224,2021-01-17,4,largest-submatrix-with-rearrangements,1727,Largest Submatrix With Rearrangements,Medium,80.2
weekly-contest-224,Weekly Contest 224,2021-01-17,4,cat-and-mouse-ii,1728,Cat and Mouse II,Hard,40.1
weekly-contest-225,Weekly Contest 225,2021-01-24,4,latest-time-by-replacing-hidden-digits,1736,Latest Time by Replacing Hidden Digits,Easy,43.9
weekly-contest-225,Weekly Contest 225,2021-01-24,4,change-minimum-characters-to-satisfy-one-of-three-conditions,1737,Change Minimum Characters to Satisfy One of Three Conditions,Medium,38.2
weekly-contest-225,Weekly Contest 225,2021-01-24,4,find-kth-largest-xor-coordinate-value,1738,Find Kth Largest XOR Coordinate Value,Medium,64.5
weekly-contest-225,Weekly Contest 225,2021-01-24,4,building-boxes,1739,Building Boxes,Hard,52.4
weekly-contest-226,Weekly Contest 226,2021-01-31,4,maximum-number-of-balls-in-a-box,1742,Maximum Number of Balls in a Box,Easy,74.9
weekly-contest-226,Weekly Contest 226,2021-01-31,4,restore-the-array-from-adjacent-pairs,1743,Restore the Array From Adjacent Pairs,Medium,75.1
weekly-contest-226,Weekly Contest 226,2021-01-31,4,can-you-eat-your-favorite-candy-on-your-favorite-day,1744,Can You Eat Your Favorite Candy on Your Favorite Day?,Medium,36.3
weekly-contest-226,Weekly Contest 226,2021-01-31,4,palindrome-partitioning-iv,1745,Palindrome Partitioning IV,Hard,45.5
weekly-contest-227,Weekly Contest 227,2021-02-07,4,check-if-array-is-sorted-and-rotated,1752,Check if Array Is Sorted and Rotated,Easy,57.6
weekly-contest-227,Weekly Contest 227,2021-02-07,4,maximum-score-from-removing-stones,1753,Maximum Score From Removing Stones,Medium,68.6
weekly-contest-227,Weekly Contest 227,2021-02-07,4,largest-merge-of-two-strings,1754,Largest Merge Of Two Strings,Medium,54.3
weekly-contest-227,Weekly Contest 227,2021-02-07,4,closest-subsequence-sum,1755,Closest Subsequence Sum,Hard,44.3
weekly-contest-228,Weekly Contest 228,2021-02-14,4,minimum-changes-to-make-alternating-binary-string,1758,Minimum Changes To Make Alternating Binary String,Easy,67.9
weekly-contest-228,Weekly Contest 228,2021-02-14,4,count-number-of-homogenous-substrings,1759,Count Number of Homogenous Substrings,Medium,57.3
weekly-contest-228,Weekly Contest 228,2021-02-14,4,minimum-limit-of-balls-in-a-bag,1760,Minimum Limit of Balls in a Bag,Medium,66.0
weekly-contest-228,Weekly Contest 228,2021-02-14,4,minimum-degree-of-a-connected-trio-in-a-graph,1761,Minimum Degree of a Connected Trio in a Graph,Hard,44.6
weekly-contest-229,Weekly Contest 229,2021-02-21,4,merge-strings-alternately,1768,Merge Strings Alternately,Easy,82.1
weekly-contest-229,Weekly Contest 229,2021-02-21,4,minimum-number-of-operations-to-move-all-balls-to-each-box,1769,Minimum Number of Operations to Move All Balls to Each Box,Medium,90.1
weekly-contest-229,Weekly Contest 229,2021-02-21,4,maximum-score-from-performing-multiplication-operations,1770,Maximum Score from Performing Multiplication Operations,Hard,43.5
weekly-contest-229,Weekly Contest 229,2021-02-21,4,maximize-palindrome-length-from-subsequences,1771,Maximize Palindrome Length From Subsequences,Hard,38.6
weekly-contest-230,Weekly Contest 230,2021-02-28,4,count-items-matching-a-rule,1773,Count Items Matching a Rule,Easy,85.4
weekly-contest-230,Weekly Contest 230,2021-02-28,4,closest-dessert-cost,1774,Closest Dessert Cost,Medium,48.9
weekly-contest-230,Weekly Contest 230,2021-02-28,4,equal-sum-arrays-with-minimum-number-of-operations,1775,Equal Sum Arrays With Minimum Number of Operations,Medium,54.7
weekly-contest-230,Weekly Contest 230,2021-02-28,4,car-fleet-ii,1776,Car Fleet II,Hard,58.2
weekly-contest-231,Weekly Contest 231,2021-03-07,4,check-if-binary-string-has-at-most-one-segment-of-ones,1784,Check if Binary String Has at Most One Segment of Ones,Easy,49.2
weekly-contest-231,Weekly Contest 231,2021-03-07,4,minimum-elements-to-add-to-form-a-given-sum,1785,Minimum Elements to Add to Form a Given Sum,Medium,45.3
weekly-contest-231,Weekly Contest 231,2021-03-07,4,number-of-restricted-paths-from-first-to-last-node,1786,Number of Restricted Paths From First to Last Node,Medium,41.6
weekly-contest-231,Weekly Contest 231,2021-03-07,4,make-the-xor-of-all-segments-equal-to-zero,1787,Make the XOR of All Segments Equal to Zero,Hard,40.8
weekly-contest-232,Weekly Contest 232,2021-03-14,4,check-if-one-string-swap-can-make-strings-equal,1790,Check if One String Swap Can Make Strings Equal,Easy,49.5
weekly-contest-232,Weekly Contest 232,2021-03-14,4,find-center-of-star-graph,1791,Find Center of Star Graph,Easy,86.6
weekly-contest-232,Weekly Contest 232,2021-03-14,4,maximum-average-pass-ratio,1792,Maximum Average Pass Ratio,Medium,74.1
weekly-contest-232,Weekly Contest 232,2021-03-14,4,maximum-score-of-a-good-subarray,1793,Maximum Score of a Good Subarray,Hard,64.2
weekly-contest-233,Weekly Contest 233,2021-03-21,4,maximum-ascending-subarray-sum,1800,Maximum Ascending Subarray Sum,Easy,66.3
weekly-contest-233,Weekly Contest 233,2021-03-21,4,number-of-orders-in-the-backlog,1801,Number of Orders in the Backlog,Medium,54.1
weekly-contest-233,Weekly Contest 233,2021-03-21,4,maximum-value-at-a-given-index-in-a-bounded-array,1802,Maximum Value at a Given Index in a Bounded Array,Medium,38.8
weekly-contest-233,Weekly Contest 233,2021-03-21,4,count-pairs-with-xor-in-a-range,1803,Count Pairs With XOR in a Range,Hard,46.5
weekly-contest-234,Weekly Contest 234,2021-03-28,4,number-of-different-integers-in-a-string,1805,Number of Different Integers in a String,Easy,40.5
weekly-contest-234,Weekly Contest 234,2021-03-28,4,minimum-number-of-operations-to-reinitialize-a-permutation,1806,Minimum Number of Operations to Reinitialize a Permutation,Medium,72.6
weekly-contest-234,Weekly Contest 234,2021-03-28,4,evaluate-the-bracket-pairs-of-a-string,1807,Evaluate the Bracket Pairs of a String,Medium,69.7
weekly-contest-234,Weekly Contest 234,2021-03-28,4,maximize-number-of-nice-divisors,1808,Maximize Number of Nice Divisors,Hard,36.7
weekly-contest-235,Weekly Contest 235,2021-04-04,4,truncate-sentence,1816,Truncate Sentence,Easy,87.0
weekly-contest-235,Weekly Contest 235,2021-04-04,4,finding-the-users-active-minutes,1817,Finding the Users Active Minutes,Medium,80.9
weekly-contest-235,Weekly Contest 235,2021-04-04,4,minimum-absolute-sum-difference,1818,Minimum Absolute Sum Difference,Medium,32.7
weekly-contest-235,Weekly Contest 235,2021-04-04,4,number-of-different-subsequences-gcds,1819,Number of Different Subsequences GCDs,Hard,46.6
weekly-contest-236,Weekly Contest 236,2021-04-11,4,sign-of-the-product-of-an-array,1822,Sign of the Product of an Array,Easy,64.7
weekly-contest-236,Weekly Contest 236,2021-04-11,4,find-the-winner-of-the-circular-game,1823,Find the Winner of the Circular Game,Medium,82.3
weekly-contest-236,Weekly Contest 236,2021-04-11,4,minimum-sideway-jumps,1824,Minimum Sideway Jumps,Medium,51.9
weekly-contest-236,Weekly Contest 236,2021-04-11,4,finding-mk-average,1825,Finding MK Average,Hard,38.9
weekly-contest-237,Weekly Contest 237,2021-04-18,4,check-if-the-sentence-is-pangram,1832,Check if the Sentence Is Pangram,Easy,84.3
weekly-contest-237,Weekly Contest 237,2021-04-18,4,maximum-ice-cream-bars,1833,Maximum Ice Cream Bars,Medium,77.2
weekly-contest-237,Weekly Contest 237,2021-04-18,4,single-threaded-cpu,1834,Single-Threaded CPU,Medium,47.9
weekly-contest-237,Weekly Contest 237,2021-04-18,4,find-xor-sum-of-all-pairs-bitwise-and,1835,Find XOR Sum of All Pairs Bitwise AND,Hard,62.7
weekly-contest-238,Weekly Contest 238,2021-04-25,4,sum-of-digits-in-base-k,1837,Sum of Digits in Base K,Easy,78.8
weekly-contest-238,Weekly Contest 238,2021-04-25,4,frequency-of-the-most-frequent-element,1838,Frequency of the Most Frequent Element,Medium,45.1
weekly-contest-238,Weekly Contest 238,2021-04-25,4,longest-substring-of-all-vowels-in-order,1839,Longest Substring Of All Vowels in Order,Medium,52.1
weekly-contest-238,Weekly Contest 238,2021-04-25,4,maximum-building-height,1840,Maximum Building Height,Hard,67.0
weekly-contest-239,Weekly Contest 239,2021-05-02,4,minimum-distance-to-the-target-element,1848,Minimum Distance to the Target Element,Easy,64.4
weekly-contest-239,Weekly Contest 239,2021-05-02,4,splitting-a-string-into-descending-consecutive-values,1849,Splitting a String Into Descending Consecutive Values,Medium,37.7
weekly-contest-239,Weekly Contest 239,2021-05-02,4,minimum-adjacent-swaps-to-reach-the-kth-smallest-number,1850,Minimum Adjacent Swaps to Reach the Kth Smallest Number,Medium,71.8
weekly-contest-239,Weekly Contest 239,2021-05-02,4,minimum-interval-to-include-each-query,1851,Minimum Interval to Include Each Query,Hard,54.8
weekly-contest-240,Weekly Contest 240,2021-05-09,4,maximum-population-year,1854,Maximum Population Year,Easy,64.4
weekly-contest-240,Weekly Contest 240,2021-05-09,4,maximum-distance-between-a-pair-of-values,1855,Maximum Distance Between a Pair of Values,Medium,61.2
weekly-contest-240,Weekly Contest 240,2021-05-09,4,maximum-subarray-min-product,1856,Maximum Subarray Min-Product,Medium,40.7
weekly-contest-240,Weekly Contest 240,2021-05-09,4,largest-color-value-in-a-directed-graph,1857,Largest Color Value in a Directed Graph,Hard,57.2
weekly-contest-241,Weekly Contest 241,2021-05-16,4,sum-of-all-subset-xor-totals,1863,Sum of All Subset XOR Totals,Easy,90.1
weekly-contest-241,Weekly Contest 241,2021-05-16,4,minimum-number-of-swaps-to-make-the-binary-string-alternating,1864,Minimum Number of Swaps to Make the Binary String Alternating,Medium,44.0
weekly-contest-241,Weekly Contest 241,2021-05-16,4,finding-pairs-with-a-certain-sum,1865,Finding Pairs With a Certain Sum,Medium,61.5
weekly-contest-241,Weekly Contest 241,2021-05-16,4,number-of-ways-to-rearrange-sticks-with-k-sticks-visible,1866,Number of Ways to Rearrange Sticks With K Sticks Visible,Hard,62.1
weekly-contest-242,Weekly Contest 242,2021-05-23,4,longer-contiguous-segments-of-ones-than-zeros,1869,Longer Contiguous Segments of Ones than Zeros,Easy,62.6
weekly-contest-242,Weekly Contest 242,2021-05-23,4,minimum-speed-to-arrive-on-time,1870,Minimum Speed to Arrive on Time,Medium,48.0
weekly-contest-242,Weekly Contest 242,2021-05-23,4,jump-game-vii,1871,Jump Game VII,Medium,35.6
weekly-contest-242,Weekly Contest 242,2021-05-23,4,stone-game-viii,1872,Stone Game VIII,Hard,54.1
weekly-contest-243,Weekly Contest 243,2021-05-30,4,check-if-word-equals-summation-of-two-words,1880,Check if Word Equals Summation of Two Words,Easy,75.3
weekly-contest-243,Weekly Contest 243,2021-05-30,4,maximum-value-after-insertion,1881,Maximum Value after Insertion,Medium,39.5
weekly-contest-243,Weekly Contest 243,2021-05-30,4,process-tasks-using-servers,1882,Process Tasks Using Servers,Medium,42.0
weekly-contest-243,Weekly Contest 243,2021-05-30,4,minimum-skips-to-arrive-at-meeting-on-time,1883,Minimum Skips to Arrive at Meeting On Time,Hard,38.8
weekly-contest-244,Weekly Contest 244,2021-06-06,4,determine-whether-matrix-can-be-obtained-by-rotation,1886,Determine Whether Matrix Can Be Obtained By Rotation,Easy,68.4
weekly-contest-244,Weekly Contest 244,2021-06-06,4,reduction-operations-to-make-the-array-elements-equal,1887,Reduction Operations to Make the Array Elements Equal,Medium,72.6
weekly-contest-244,Weekly Contest 244,2021-06-06,4,minimum-number-of-flips-to-make-the-binary-string-alternating,1888,Minimum Number of Flips to Make the Binary String Alternating,Medium,53.6
weekly-contest-244,Weekly Contest 244,2021-06-06,4,minimum-space-wasted-from-packaging,1889,Minimum Space Wasted From Packaging,Hard,33.7
weekly-contest-245,Weekly Contest 245,2021-06-13,4,redistribute-characters-to-make-all-strings-equal,1897,Redistribute Characters to Make All Strings Equal,Easy,66.9
weekly-contest-245,Weekly Contest 245,2021-06-13,4,maximum-number-of-removable-characters,1898,Maximum Number of Removable Characters,Medium,47.5
weekly-contest-245,Weekly Contest 245,2021-06-13,4,merge-triplets-to-form-target-triplet,1899,Merge Triplets to Form Target Triplet,Medium,69.3
weekly-contest-245,Weekly Contest 245,2021-06-13,4,the-earliest-and-latest-rounds-where-players-compete,1900,The Earliest and Latest Rounds Where Players Compete,Hard,72.1
weekly-contest-246,Weekly Contest 246,2021-06-20,4,largest-odd-number-in-string,1903,Largest Odd Number in String,Easy,67.8
weekly-contest-246,Weekly Contest 246,2021-06-20,4,the-number-of-full-rounds-you-have-played,1904,The Number of Full Rounds You Have Played,Medium,43.4
weekly-contest-246,Weekly Contest 246,2021-06-20,4,count-sub-islands,1905,Count Sub Islands,Medium,73.1
weekly-contest-246,Weekly Contest 246,2021-06-20,4,minimum-absolute-difference-queries,1906,Minimum Absolute Difference Queries,Medium,45.9
weekly-contest-247,Weekly Contest 247,2021-06-27,4,maximum-product-difference-between-two-pairs,1913,Maximum Product Difference Between Two Pairs,Easy,83.1
weekly-contest-247,Weekly Contest 247,2021-06-27,4,cyclically-rotating-a-grid,1914,Cyclically Rotating a Grid,Medium,74.0
weekly-contest-247,Weekly Contest 247,2021-06-27,4,number-of-wonderful-substrings,1915,Number of Wonderful Substrings,Medium,66.6
weekly-contest-247,Weekly Contest 247,2021-06-27,4,count-ways-to-build-rooms-in-an-ant-colony,1916,Count Ways to Build Rooms in an Ant Colony,Hard,51.8
weekly-contest-248,Weekly Contest 248,2021-07-04,4,build-array-from-permutation,1920,Build Array from Permutation,Easy,91.1
weekly-contest-248,Weekly Contest 248,2021-07-04,4,eliminate-maximum-number-of-monsters,1921,Eliminate Maximum Number of Monsters,Medium,51.2
weekly-contest-248,Weekly Contest 248,2021-07-04,4,count-good-numbers,1922,Count Good Numbers,Medium,57.9
weekly-contest-248,Weekly Contest 248,2021-07-04,4,longest-common-subpath,1923,Longest Common Subpath,Hard,30.1
weekly-contest-249,Weekly Contest 249,2021-07-11,4,concatenation-of-array,1929,Concatenation of Array,Easy,90.1
weekly-contest-249,Weekly Contest 249,2021-07-11,4,unique-length-3-palindromic-subsequences,1930,Unique Length-3 Palindromic Subsequences,Medium,73.8
weekly-contest-249,Weekly Contest 249,2021-07-11,4,painting-a-grid-with-three-different-colors,1931,Painting a Grid With Three Different Colors,Hard,76.9
weekly-contest-249,Weekly Contest 249,2021-07-11,4,merge-bsts-to-create-single-bst,1932,Merge BSTs to Create Single BST,Hard,39.4
weekly-contest-250,Weekly Contest 250,2021-07-18,4,maximum-number-of-words-you-can-type,1935,Maximum Number of Words You Can Type,Easy,82.9
weekly-contest-250,Weekly Contest 250,2021-07-18,4,add-minimum-number-of-rungs,1936,Add Minimum Number of Rungs,Medium,44.1
weekly-contest-250,Weekly Contest 250,2021-07-18,4,maximum-number-of-points-with-cost,1937,Maximum Number of Points with Cost,Medium,41.6
weekly-contest-250,Weekly Contest 250,2021-07-18,4,maximum-genetic-difference-query,1938,Maximum Genetic Difference Query,Hard,47.6
weekly-contest-251,Weekly Contest 251,2021-07-25,4,sum-of-digits-of-string-after-convert,1945,Sum of Digits of String After Convert,Easy,74.8
weekly-contest-251,Weekly Contest 251,2021-07-25,4,largest-number-after-mutating-substring,1946,Largest Number After Mutating Substring,Medium,38.2
weekly-contest-251,Weekly Contest 251,2021-07-25,4,maximum-compatibility-score-sum,1947,Maximum Compatibility Score Sum,Medium,64.7
weekly-contest-251,Weekly Contest 251,2021-07-25,4,delete-duplicate-folders-in-system,1948,Delete Duplicate Folders in System,Hard,77.2
weekly-contest-252,Weekly Contest 252,2021-08-01,4,three-divisors,1952,Three Divisors,Easy,64.6
weekly-contest-252,Weekly Contest 252,2021-08-01,4,maximum-number-of-weeks-for-which-you-can-work,1953,Maximum Number of Weeks for Which You Can Work,Medium,42.6
weekly-contest-252,Weekly Contest 252,2021-08-01,4,minimum-garden-perimeter-to-collect-enough-apples,1954,Minimum Garden Perimeter to Collect Enough Apples,Medium,55.6
weekly-contest-252,Weekly Contest 252,2021-08-01,4,count-number-of-special-subsequences,1955,Count Number of Special Subsequences,Hard,53.0
weekly-contest-253,Weekly Contest 253,2021-08-08,4,check-if-string-is-a-prefix-of-array,1961,Check If String Is a Prefix of Array,Easy,52.9
weekly-contest-253,Weekly Contest 253,2021-08-08,4,remove-stones-to-minimize-the-total,1962,Remove Stones to Minimize the Total,Medium,66.0
weekly-contest-253,Weekly Contest 253,2021-08-08,4,minimum-number-of-swaps-to-make-the-string-balanced,1963,Minimum Number of Swaps to Make the String Balanced,Medium,78.0
weekly-contest-253,Weekly Contest 253,2021-08-08,4,find-the-longest-valid-obstacle-course-at-each-position,1964,Find the Longest Valid Obstacle Course at Each Position,Hard,62.5
weekly-contest-254,Weekly Contest 254,2021-08-15,4,number-of-strings-that-appear-as-substrings-in-word,1967,Number of Strings That Appear as Substrings in Word,Easy,86.2
weekly-contest-254,Weekly Contest 254,2021-08-15,4,array-with-elements-not-equal-to-average-of-neighbors,1968,Array With Elements Not Equal to Average of Neighbors,Medium,50.8
weekly-contest-254,Weekly Contest 254,2021-08-15,4,minimum-non-zero-product-of-the-array-elements,1969,Minimum Non-Zero Product of the Array Elements,Medium,37.6
weekly-contest-254,Weekly Contest 254,2021-08-15,4,last-day-where-you-can-still-cross,1970,Last Day Where You Can Still Cross,Hard,68.7
weekly-contest-255,Weekly Contest 255,2021-08-22,4,find-greatest-common-divisor-of-array,1979,Find Greatest Common Divisor of Array,Easy,83.5
weekly-contest-255,Weekly Contest 255,2021-08-22,4,find-unique-binary-string,1980,Find Unique Binary String,Medium,81.2
weekly-contest-255,Weekly Contest 255,2021-08-22,4,minimize-the-difference-between-target-and-chosen-elements,1981,Minimize the Difference Between Target and Chosen Elements,Medium,37.1
weekly-contest-255,Weekly Contest 255,2021-08-22,4,find-array-given-subset-sums,1982,Find Array Given Subset Sums,Hard,49.4
weekly-contest-256,Weekly Contest 256,2021-08-29,4,minimum-difference-between-highest-and-lowest-of-k-scores,1984,Minimum Difference Between Highest and Lowest of K Scores,Easy,66.3
weekly-contest-256,Weekly Contest 256,2021-08-29,4,find-the-kth-largest-integer-in-the-array,1985,Find the Kth Largest Integer in the Array,Medium,48.1
weekly-contest-256,Weekly Contest 256,2021-08-29,4,minimum-number-of-work-sessions-to-finish-the-tasks,1986,Minimum Number of Work Sessions to Finish the Tasks,Medium,35.1
weekly-contest-256,Weekly Contest 256,2021-08-29,4,number-of-unique-good-subsequences,1987,Number of Unique Good Subsequences,Hard,52.5
weekly-contest-257,Weekly Contest 257,2021-09-05,4,count-special-quadruplets,1995,Count Special Quadruplets,Easy,64.8
weekly-contest-257,Weekly Contest 257,2021-09-05,4,the-number-of-weak-characters-in-the-game,1996,The Number of Weak Characters in the Game,Medium,44.6
weekly-contest-257,Weekly Contest 257,2021-09-05,4,first-day-where-you-have-been-in-all-the-rooms,1997,First Day Where You Have Been in All the Rooms,Medium,40.3
weekly-contest-257,Weekly Contest 257,2021-09-05,4,gcd-sort-of-an-array,1998,GCD Sort of an Array,Hard,50.5
weekly-contest-258,Weekly Contest 258,2021-09-12,4,reverse-prefix-of-word,2000,Reverse Prefix of Word,Easy,86.5
weekly-contest-258,Weekly Contest 258,2021-09-12,4,number-of-pairs-of-interchangeable-rectangles,2001,Number of Pairs of Interchangeable Rectangles,Medium,52.7
weekly-contest-258,Weekly Contest 258,2021-09-12,4,maximum-product-of-the-length-of-two-palindromic-subsequences,2002,Maximum Product of the Length of Two Palindromic Subsequences,Medium,62.6
weekly-contest-258,Weekly Contest 258,2021-09-12,4,smallest-missing-genetic-value-in-each-subtree,2003,Smallest Missing Genetic Value in Each Subtree,Hard,48.1
weekly-contest-259,Weekly Contest 259,2021-09-19,4,final-value-of-variable-after-performing-operations,2011,Final Value of Variable After Performing Operations,Easy,90.6
weekly-contest-259,Weekly Contest 259,2021-09-19,4,sum-of-beauty-in-the-array,2012,Sum of Beauty in the Array,Medium,51.8
weekly-contest-259,Weekly Contest 259,2021-09-19,4,detect-squares,2013,Detect Squares,Medium,52.8
weekly-contest-259,Weekly Contest 259,2021-09-19,4,longest-subsequence-repeated-k-times,2014,Longest Subsequence Repeated k Times,Hard,70.9
weekly-contest-260,Weekly Contest 260,2021-09-26,4,maximum-difference-between-increasing-elements,2016,Maximum Difference Between Increasing Elements,Easy,66.6
weekly-contest-260,Weekly Contest 260,2021-09-26,4,grid-game,2017,Grid Game,Medium,60.8
weekly-contest-260,Weekly Contest 260,2021-09-26,4,check-if-word-can-be-placed-in-crossword,2018,Check if Word Can Be Placed In Crossword,Medium,50.8
weekly-contest-260,Weekly Contest 260,2021-09-26,4,the-score-of-students-solving-math-expression,2019,The Score of Students Solving Math Expression,Hard,34.3
weekly-contest-261,Weekly Contest 261,2021-10-03,4,minimum-moves-to-convert-string,2027,Minimum Moves to Convert String,Easy,58.2
weekly-contest-261,Weekly Contest 261,2021-10-03,4,find-missing-observations,2028,Find Missing Observations,Medium,57.4
weekly-contest-261,Weekly Contest 261,2021-10-03,4,stone-game-ix,2029,Stone Game IX,Medium,30.5
weekly-contest-261,Weekly Contest 261,2021-10-03,4,smallest-k-length-subsequence-with-occurrences-of-a-letter,2030,Smallest K-Length Subsequence With Occurrences of a Letter,Hard,39.8
weekly-contest-262,Weekly Contest 262,2021-10-10,4,two-out-of-three,2032,Two Out of Three,Easy,77.7
weekly-contest-262,Weekly Contest 262,2021-10-10,4,minimum-operations-to-make-a-uni-value-grid,2033,Minimum Operations to Make a Uni-Value Grid,Medium,70.7
weekly-contest-262,Weekly Contest 262,2021-10-10,4,stock-price-fluctuation,2034,Stock Price Fluctuation ,Medium,49.2
weekly-contest-262,Weekly Contest 262,2021-10-10,4,partition-array-into-two-arrays-to-minimize-sum-difference,2035,Partition Array Into Two Arrays to Minimize Sum Difference,Hard,24.0
weekly-contest-263,Weekly Contest 263,2021-10-17,4,check-if-numbers-are-ascending-in-a-sentence,2042,Check if Numbers Are Ascending in a Sentence,Easy,73.5
weekly-contest-263,Weekly Contest 263,2021-10-17,4,simple-bank-system,2043,Simple Bank System,Medium,69.6
weekly-contest-263,Weekly Contest 263,2021-10-17,4,count-number-of-maximum-bitwise-or-subsets,2044,Count Number of Maximum Bitwise-OR Subsets,Medium,89.5
weekly-contest-263,Weekly Contest 263,2021-10-17,4,second-minimum-time-to-reach-destination,2045,Second Minimum Time to Reach Destination,Hard,62.3
weekly-contest-264,Weekly Contest 264,2021-10-24,4,number-of-valid-words-in-a-sentence,2047,Number of Valid Words in a Sentence,Easy,31.3
weekly-contest-264,Weekly Contest 264,2021-10-24,4,next-greater-numerically-balanced-number,2048,Next Greater Numerically Balanced Number,Medium,63.1
weekly-contest-264,Weekly Contest 264,2021-10-24,4,count-nodes-with-the-highest-score,2049,Count Nodes With the Highest Score,Medium,52.7
weekly-contest-264,Weekly Contest 264,2021-10-24,4,parallel-courses-iii,2050,Parallel Courses III,Hard,66.8
weekly-contest-265,Weekly Contest 265,2021-10-31,4,smallest-index-with-equal-value,2057,Smallest Index With Equal Value,Easy,73.4
weekly-contest-265,Weekly Contest 265,2021-10-31,4,find-the-minimum-and-maximum-number-of-nodes-between-critical-points,2058,Find the Minimum and Maximum Number of Nodes Between Critical Points,Medium,69.4
weekly-contest-265,Weekly Contest 265,2021-10-31,4,minimum-operations-to-convert-number,2059,Minimum Operations to Convert Number,Medium,52.1
weekly-contest-265,Weekly Contest 265,2021-10-31,4,check-if-an-original-string-exists-given-two-encoded-strings,2060,Check if an Original String Exists Given Two Encoded Strings,Hard,43.3
weekly-contest-266,Weekly Contest 266,2021-11-07,4,count-vowel-substrings-of-a-string,2062,Count Vowel Substrings of a String,Easy,73.3
weekly-contest-266,Weekly Contest 266,2021-11-07,4,vowels-of-all-substrings,2063,Vowels of All Substrings,Medium,55.6
weekly-contest-266,Weekly Contest 266,2021-11-07,4,minimized-maximum-of-products-distributed-to-any-store,2064,Minimized Maximum of Products Distributed to Any Store,Medium,63.2
weekly-contest-266,Weekly Contest 266,2021-11-07,4,maximum-path-quality-of-a-graph,2065,Maximum Path Quality of a Graph,Hard,62.6
weekly-contest-267,Weekly Contest 267,2021-11-14,4,time-needed-to-buy-tickets,2073,Time Needed to Buy Tickets,Easy,73.0
weekly-contest-267,Weekly Contest 267,2021-11-14,4,reverse-nodes-in-even-length-groups,2074,Reverse Nodes in Even Length Groups,Medium,64.7
weekly-contest-267,Weekly Contest 267,2021-11-14,4,decode-the-slanted-ciphertext,2075,Decode the Slanted Ciphertext,Medium,67.6
weekly-contest-267,Weekly Contest 267,2021-11-14,4,process-restricted-friend-requests,2076,Process Restricted Friend Requests,Hard,61.2
weekly-contest-268,Weekly Contest 268,2021-11-21,4,two-furthest-houses-with-different-colors,2078,Two Furthest Houses With Different Colors,Easy,71.7
weekly-contest-268,Weekly Contest 268,2021-11-21,4,watering-plants,2079,Watering Plants,Medium,80.0
weekly-contest-268,Weekly Contest 268,2021-11-21,4,range-frequency-queries,2080,Range Frequency Queries,Medium,43.8
weekly-contest-268,Weekly Contest 268,2021-11-21,4,sum-of-k-mirror-numbers,2081,Sum of k-Mirror Numbers,Hard,63.5
weekly-contest-269,Weekly Contest 269,2021-11-28,4,find-target-indices-after-sorting-array,2089,Find Target Indices After Sorting Array,Easy,78.2
weekly-contest-269,Weekly Contest 269,2021-11-28,4,k-radius-subarray-averages,2090,K Radius Subarray Averages,Medium,46.4
weekly-contest-269,Weekly Contest 269,2021-11-28,4,removing-minimum-and-maximum-from-array,2091,Removing Minimum and Maximum From Array,Medium,56.7
weekly-contest-269,Weekly Contest 269,2021-11-28,4,find-all-people-with-secret,2092,Find All People With Secret,Hard,48.4
weekly-contest-270,Weekly Contest 270,2021-12-05,4,finding-3-digit-even-numbers,2094,Finding 3-Digit Even Numbers,Easy,78.6
weekly-contest-270,Weekly Contest 270,2021-12-05,4,delete-the-middle-node-of-a-linked-list,2095,Delete the Middle Node of a Linked List,Medium,60.9
weekly-contest-270,Weekly Contest 270,2021-12-05,4,step-by-step-directions-from-a-binary-tree-node-to-another,2096,Step-By-Step Directions From a Binary Tree Node to Another,Medium,56.4
weekly-contest-270,Weekly Contest 270,2021-12-05,4,valid-arrangement-of-pairs,2097,Valid Arrangement of Pairs,Hard,66.7
weekly-contest-271,Weekly Contest 271,2021-12-12,4,rings-and-rods,2103,Rings and Rods,Easy,81.5
weekly-contest-271,Weekly Contest 271,2021-12-12,4,sum-of-subarray-ranges,2104,Sum of Subarray Ranges,Medium,61.6
weekly-contest-271,Weekly Contest 271,2021-12-12,4,watering-plants-ii,2105,Watering Plants II,Medium,48.9
weekly-contest-271,Weekly Contest 271,2021-12-12,4,maximum-fruits-harvested-after-at-most-k-steps,2106,Maximum Fruits Harvested After at Most K Steps,Hard,61.0
weekly-contest-272,Weekly Contest 272,2021-12-19,4,find-first-palindromic-string-in-the-array,2108,Find First Palindromic String in the Array,Easy,84.0
weekly-contest-272,Weekly Contest 272,2021-12-19,4,adding-spaces-to-a-string,2109,Adding Spaces to a String,Medium,71.8
weekly-contest-272,Weekly Contest 272,2021-12-19,4,number-of-smooth-descent-periods-of-a-stock,2110,Number of Smooth Descent Periods of a Stock,Medium,67.7
weekly-contest-272,Weekly Contest 272,2021-12-19,4,minimum-operations-to-make-the-array-k-increasing,2111,Minimum Operations to Make the Array K-Increasing,Hard,40.8
weekly-contest-273,Weekly Contest 273,2021-12-26,4,a-number-after-a-double-reversal,2119,A Number After a Double Reversal,Easy,82.4
weekly-contest-273,Weekly Contest 273,2021-12-26,4,execution-of-all-suffix-instructions-staying-in-a-grid,2120,Execution of All Suffix Instructions Staying in a Grid,Medium,82.1
weekly-contest-273,Weekly Contest 273,2021-12-26,4,intervals-between-identical-elements,2121,Intervals Between Identical Elements,Medium,48.1
weekly-contest-273,Weekly Contest 273,2021-12-26,4,recover-the-original-array,2122,Recover the Original Array,Hard,41.8
weekly-contest-274,Weekly Contest 274,2022-01-02,4,check-if-all-as-appears-before-all-bs,2124,Check if All A's Appears Before All B's,Easy,73.3
weekly-contest-274,Weekly Contest 274,2022-01-02,4,number-of-laser-beams-in-a-bank,2125,Number of Laser Beams in a Bank,Medium,87.0
weekly-contest-274,Weekly Contest 274,2022-01-02,4,destroying-asteroids,2126,Destroying Asteroids,Medium,59.7
weekly-contest-274,Weekly Contest 274,2022-01-02,4,maximum-employees-to-be-invited-to-a-meeting,2127,Maximum Employees to Be Invited to a Meeting,Hard,61.8
weekly-contest-275,Weekly Contest 275,2022-01-09,4,check-if-every-row-and-column-contains-all-numbers,2133,Check if Every Row and Column Contains All Numbers,Easy,54.3
weekly-contest-275,Weekly Contest 275,2022-01-09,4,minimum-swaps-to-group-all-1s-together-ii,2134,Minimum Swaps to Group All 1's Together II,Medium,65.7
weekly-contest-275,Weekly Contest 275,2022-01-09,4,count-words-obtained-after-adding-a-letter,2135,Count Words Obtained After Adding a Letter,Medium,44.1
weekly-contest-275,Weekly Contest 275,2022-01-09,4,earliest-possible-day-of-full-bloom,2136,Earliest Possible Day of Full Bloom,Hard,71.1
weekly-contest-276,Weekly Contest 276,2022-01-16,4,divide-a-string-into-groups-of-size-k,2138,Divide a String Into Groups of Size k,Easy,76.9
weekly-contest-276,Weekly Contest 276,2022-01-16,4,minimum-moves-to-reach-target-score,2139,Minimum Moves to Reach Target Score,Medium,52.6
weekly-contest-276,Weekly Contest 276,2022-01-16,4,solving-questions-with-brainpower,2140,Solving Questions With Brainpower,Medium,60.2
weekly-contest-276,Weekly Contest 276,2022-01-16,4,maximum-running-time-of-n-computers,2141,Maximum Running Time of N Computers,Hard,56.4
weekly-contest-277,Weekly Contest 277,2022-01-23,4,count-elements-with-strictly-smaller-and-greater-elements,2148,Count Elements With Strictly Smaller and Greater Elements ,Easy,60.1
weekly-contest-277,Weekly Contest 277,2022-01-23,4,rearrange-array-elements-by-sign,2149,Rearrange Array Elements by Sign,Medium,84.8
weekly-contest-277,Weekly Contest 277,2022-01-23,4,find-all-lonely-numbers-in-the-array,2150,Find All Lonely Numbers in the Array,Medium,63.7
weekly-contest-277,Weekly Contest 277,2022-01-23,4,maximum-good-people-based-on-statements,2151,Maximum Good People Based on Statements,Hard,52.6
weekly-contest-278,Weekly Contest 278,2022-01-30,4,keep-multiplying-found-values-by-two,2154,Keep Multiplying Found Values by Two,Easy,75.0
weekly-contest-278,Weekly Contest 278,2022-01-30,4,all-divisions-with-the-highest-score-of-a-binary-array,2155,All Divisions With the Highest Score of a Binary Array,Medium,65.7
weekly-contest-278,Weekly Contest 278,2022-01-30,4,find-substring-with-given-hash-value,2156,Find Substring With Given Hash Value,Hard,26.6
weekly-contest-278,Weekly Contest 278,2022-01-30,4,groups-of-strings,2157,Groups of Strings,Hard,28.1
weekly-contest-279,Weekly Contest 279,2022-02-06,4,sort-even-and-odd-indices-independently,2164,Sort Even and Odd Indices Independently,Easy,63.4
weekly-contest-279,Weekly Contest 279,2022-02-06,4,smallest-value-of-the-rearranged-number,2165,Smallest Value of the Rearranged Number,Medium,53.5
weekly-contest-279,Weekly Contest 279,2022-02-06,4,design-bitset,2166,Design Bitset,Medium,32.8
weekly-contest-279,Weekly Contest 279,2022-02-06,4,minimum-time-to-remove-all-cars-containing-illegal-goods,2167,Minimum Time to Remove All Cars Containing Illegal Goods,Hard,42.0
weekly-contest-280,Weekly Contest 280,2022-02-13,4,count-operations-to-obtain-zero,2169,Count Operations to Obtain Zero,Easy,79.8
weekly-contest-280,Weekly Contest 280,2022-02-13,4,minimum-operations-to-make-the-array-alternating,2170,Minimum Operations to Make the Array Alternating,Medium,35.8
weekly-contest-280,Weekly Contest 280,2022-02-13,4,removing-minimum-number-of-magic-beans,2171,Removing Minimum Number of Magic Beans,Medium,44.8
weekly-contest-280,Weekly Contest 280,2022-02-13,4,maximum-and-sum-of-array,2172,Maximum AND Sum of Array,Hard,50.9
weekly-contest-281,Weekly Contest 281,2022-02-20,4,count-integers-with-even-digit-sum,2180,Count Integers With Even Digit Sum,Easy,70.7
weekly-contest-281,Weekly Contest 281,2022-02-20,4,merge-nodes-in-between-zeros,2181,Merge Nodes in Between Zeros,Medium,89.7
weekly-contest-281,Weekly Contest 281,2022-02-20,4,construct-string-with-repeat-limit,2182,Construct String With Repeat Limit,Medium,70.8
weekly-contest-281,Weekly Contest 281,2022-02-20,4,count-array-pairs-divisible-by-k,2183,Count Array Pairs Divisible by K,Hard,31.0
weekly-contest-282,Weekly Contest 282,2022-02-27,4,counting-words-with-a-given-prefix,2185,Counting Words With a Given Prefix,Easy,84.4
weekly-contest-282,Weekly Contest 282,2022-02-27,4,minimum-number-of-steps-to-make-two-strings-anagram-ii,2186,Minimum Number of Steps to Make Two Strings Anagram II,Medium,73.1
weekly-contest-282,Weekly Contest 282,2022-02-27,4,minimum-time-to-complete-trips,2187,Minimum Time to Complete Trips,Medium,39.9
weekly-contest-282,Weekly Contest 282,2022-02-27,4,minimum-time-to-finish-the-race,2188,Minimum Time to Finish the Race,Hard,43.5
weekly-contest-283,Weekly Contest 283,2022-03-06,4,cells-in-a-range-on-an-excel-sheet,2194,Cells in a Range on an Excel Sheet,Easy,84.1
weekly-contest-283,Weekly Contest 283,2022-03-06,4,append-k-integers-with-minimal-sum,2195,Append K Integers With Minimal Sum,Medium,27.2
weekly-contest-283,Weekly Contest 283,2022-03-06,4,create-binary-tree-from-descriptions,2196,Create Binary Tree From Descriptions,Medium,83.9
weekly-contest-283,Weekly Contest 283,2022-03-06,4,replace-non-coprime-numbers-in-array,2197,Replace Non-Coprime Numbers in Array,Hard,57.6
weekly-contest-284,Weekly Contest 284,2022-03-13,4,find-all-k-distant-indices-in-an-array,2200,Find All K-Distant Indices in an Array,Easy,77.2
weekly-contest-284,Weekly Contest 284,2022-03-13,4,count-artifacts-that-can-be-extracted,2201,Count Artifacts That Can Be Extracted,Medium,57.3
weekly-contest-284,Weekly Contest 284,2022-03-13,4,maximize-the-topmost-element-after-k-moves,2202,Maximize the Topmost Element After K Moves,Medium,24.1
weekly-contest-284,Weekly Contest 284,2022-03-13,4,minimum-weighted-subgraph-with-the-required-paths,2203,Minimum Weighted Subgraph With the Required Paths,Hard,42.9
weekly-contest-285,Weekly Contest 285,2022-03-20,4,count-hills-and-valleys-in-an-array,2210,Count Hills and Valleys in an Array,Easy,68.8
weekly-contest-285,Weekly Contest 285,2022-03-20,4,count-collisions-on-a-road,2211,Count Collisions on a Road,Medium,58.1
weekly-contest-285,Weekly Contest 285,2022-03-20,4,maximum-points-in-an-archery-competition,2212,Maximum Points in an Archery Competition,Medium,52.1
weekly-contest-285,Weekly Contest 285,2022-03-20,4,longest-substring-of-one-repeating-character,2213,Longest Substring of One Repeating Character,Hard,34.8
weekly-contest-286,Weekly Contest 286,2022-03-27,4,find-the-difference-of-two-arrays,2215,Find the Difference of Two Arrays,Easy,81.5
weekly-contest-286,Weekly Contest 286,2022-03-27,4,minimum-deletions-to-make-array-beautiful,2216,Minimum Deletions to Make Array Beautiful,Medium,50.2
weekly-contest-286,Weekly Contest 286,2022-03-27,4,find-palindrome-with-fixed-length,2217,Find Palindrome With Fixed Length,Medium,38.1
weekly-contest-286,Weekly Contest 286,2022-03-27,4,maximum-value-of-k-coins-from-piles,2218,Maximum Value of K Coins From Piles,Hard,60.5
weekly-contest-287,Weekly Contest 287,2022-04-03,4,minimum-number-of-operations-to-convert-time,2224,Minimum Number of Operations to Convert Time,Easy,66.4
weekly-contest-287,Weekly Contest 287,2022-04-03,4,find-players-with-zero-or-one-losses,2225,Find Players With Zero or One Losses,Medium,72.4
weekly-contest-287,Weekly Contest 287,2022-04-03,4,maximum-candies-allocated-to-k-children,2226,Maximum Candies Allocated to K Children,Medium,49.9
weekly-contest-287,Weekly Contest 287,2022-04-03,4,encrypt-and-decrypt-strings,2227,Encrypt and Decrypt Strings,Hard,38.6
weekly-contest-288,Weekly Contest 288,2022-04-10,4,largest-number-after-digit-swaps-by-parity,2231,Largest Number After Digit Swaps by Parity,Easy,65.5
weekly-contest-288,Weekly Contest 288,2022-04-10,4,minimize-result-by-adding-parentheses-to-expression,2232,Minimize Result by Adding Parentheses to Expression,Medium,68.2
weekly-contest-288,Weekly Contest 288,2022-04-10,4,maximum-product-after-k-increments,2233,Maximum Product After K Increments,Medium,44.1
weekly-contest-288,Weekly Contest 288,2022-04-10,4,maximum-total-beauty-of-the-gardens,2234,Maximum Total Beauty of the Gardens,Hard,30.2
weekly-contest-289,Weekly Contest 289,2022-04-17,4,calculate-digit-sum-of-a-string,2243,Calculate Digit Sum of a String,Easy,67.9
weekly-contest-289,Weekly Contest 289,2022-04-17,4,minimum-rounds-to-complete-all-tasks,2244,Minimum Rounds to Complete All Tasks,Medium,63.4
weekly-contest-289,Weekly Contest 289,2022-04-17,4,maximum-trailing-zeros-in-a-cornered-path,2245,Maximum Trailing Zeros in a Cornered Path,Medium,37.9
weekly-contest-289,Weekly Contest 289,2022-04-17,4,longest-path-with-different-adjacent-characters,2246,Longest Path With Different Adjacent Characters,Hard,54.0
weekly-contest-290,Weekly Contest 290,2022-04-24,4,intersection-of-multiple-arrays,2248,Intersection of Multiple Arrays,Easy,68.7
weekly-contest-290,Weekly Contest 290,2022-04-24,4,count-lattice-points-inside-a-circle,2249,Count Lattice Points Inside a Circle,Medium,56.9
weekly-contest-290,Weekly Contest 290,2022-04-24,4,count-number-of-rectangles-containing-each-point,2250,Count Number of Rectangles Containing Each Point,Medium,37.8
weekly-contest-290,Weekly Contest 290,2022-04-24,4,number-of-flowers-in-full-bloom,2251,Number of Flowers in Full Bloom,Hard,58.1
weekly-contest-291,Weekly Contest 291,2022-05-01,4,remove-digit-from-number-to-maximize-result,2259,Remove Digit From Number to Maximize Result,Easy,48.7
weekly-contest-291,Weekly Contest 291,2022-05-01,4,minimum-consecutive-cards-to-pick-up,2260,Minimum Consecutive Cards to Pick Up,Medium,53.9
weekly-contest-291,Weekly Contest 291,2022-05-01,4,k-divisible-elements-subarrays,2261,K Divisible Elements Subarrays,Medium,55.1
weekly-contest-291,Weekly Contest 291,2022-05-01,4,total-appeal-of-a-string,2262,Total Appeal of A String,Hard,56.6
weekly-contest-292,Weekly Contest 292,2022-05-08,4,largest-3-same-digit-number-in-string,2264,Largest 3-Same-Digit Number in String,Easy,72.7
weekly-contest-292,Weekly Contest 292,2022-05-08,4,count-nodes-equal-to-average-of-subtree,2265,Count Nodes Equal to Average of Subtree,Medium,86.8
weekly-contest-292,Weekly Contest 292,2022-05-08,4,count-number-of-texts,2266,Count Number of Texts,Medium,50.4
weekly-contest-292,Weekly Contest 292,2022-05-08,4,check-if-there-is-a-valid-parentheses-string-path,2267, Check if There Is a Valid Parentheses String Path,Hard,40.5
weekly-contest-293,Weekly Contest 293,2022-05-15,4,find-resultant-array-after-removing-anagrams,2273,Find Resultant Array After Removing Anagrams,Easy,70.0
weekly-contest-293,Weekly Contest 293,2022-05-15,4,maximum-consecutive-floors-without-special-floors,2274,Maximum Consecutive Floors Without Special Floors,Medium,52.7
weekly-contest-293,Weekly Contest 293,2022-05-15,4,largest-combination-with-bitwise-and-greater-than-zero,2275,Largest Combination With Bitwise AND Greater Than Zero,Medium,80.7
weekly-contest-293,Weekly Contest 293,2022-05-15,4,count-integers-in-intervals,2276,Count Integers in Intervals,Hard,36.1
weekly-contest-294,Weekly Contest 294,2022-05-22,4,percentage-of-letter-in-string,2278,Percentage of Letter in String,Easy,75.3
weekly-contest-294,Weekly Contest 294,2022-05-22,4,maximum-bags-with-full-capacity-of-rocks,2279,Maximum Bags With Full Capacity of Rocks,Medium,68.2
weekly-contest-294,Weekly Contest 294,2022-05-22,4,minimum-lines-to-represent-a-line-chart,2280,Minimum Lines to Represent a Line Chart,Medium,27.3
weekly-contest-294,Weekly Contest 294,2022-05-22,4,sum-of-total-strength-of-wizards,2281,Sum of Total Strength of Wizards,Hard,29.7
weekly-contest-295,Weekly Contest 295,2022-05-29,4,rearrange-characters-to-make-target-string,2287,Rearrange Characters to Make Target String,Easy,63.1
weekly-contest-295,Weekly Contest 295,2022-05-29,4,apply-discount-to-prices,2288,Apply Discount to Prices,Medium,34.4
weekly-contest-295,Weekly Contest 295,2022-05-29,4,steps-to-make-array-non-decreasing,2289,Steps to Make Array Non-decreasing,Medium,25.1
weekly-contest-295,Weekly Contest 295,2022-05-29,4,minimum-obstacle-removal-to-reach-corner,2290,Minimum Obstacle Removal to Reach Corner,Hard,70.9
weekly-contest-296,Weekly Contest 296,2022-06-05,4,min-max-game,2293,Min Max Game,Easy,64.4
weekly-contest-296,Weekly Contest 296,2022-06-05,4,partition-array-such-that-maximum-difference-is-k,2294,Partition Array Such That Maximum Difference Is K,Medium,81.8
weekly-contest-296,Weekly Contest 296,2022-06-05,4,replace-elements-in-an-array,2295,Replace Elements in an Array,Medium,59.9
weekly-contest-296,Weekly Contest 296,2022-06-05,4,design-a-text-editor,2296,Design a Text Editor,Hard,51.2
weekly-contest-297,Weekly Contest 297,2022-06-12,4,calculate-amount-paid-in-taxes,2303,Calculate Amount Paid in Taxes,Easy,69.4
weekly-contest-297,Weekly Contest 297,2022-06-12,4,minimum-path-cost-in-a-grid,2304,Minimum Path Cost in a Grid,Medium,68.3
weekly-contest-297,Weekly Contest 297,2022-06-12,4,fair-distribution-of-cookies,2305,Fair Distribution of Cookies,Medium,70.0
weekly-contest-297,Weekly Contest 297,2022-06-12,4,naming-a-company,2306,Naming a Company,Hard,46.5
weekly-contest-298,Weekly Contest 298,2022-06-19,4,greatest-english-letter-in-upper-and-lower-case,2309,Greatest English Letter in Upper and Lower Case,Easy,72.7
weekly-contest-298,Weekly Contest 298,2022-06-19,4,sum-of-numbers-with-units-digit-k,2310,Sum of Numbers With Units Digit K,Medium,28.4
weekly-contest-298,Weekly Contest 298,2022-06-19,4,longest-binary-subsequence-less-than-or-equal-to-k,2311,Longest Binary Subsequence Less Than or Equal to K,Medium,52.7
weekly-contest-298,Weekly Contest 298,2022-06-19,4,selling-pieces-of-wood,2312,Selling Pieces of Wood,Hard,53.1
weekly-contest-299,Weekly Contest 299,2022-06-26,4,check-if-matrix-is-x-matrix,2319,Check if Matrix Is X-Matrix,Easy,66.9
weekly-contest-299,Weekly Contest 299,2022-06-26,4,count-number-of-ways-to-place-houses,2320,Count Number of Ways to Place Houses,Medium,44.1
weekly-contest-299,Weekly Contest 299,2022-06-26,4,maximum-score-of-spliced-array,2321,Maximum Score Of Spliced Array,Hard,58.8
weekly-contest-299,Weekly Contest 299,2022-06-26,4,minimum-score-after-removals-on-a-tree,2322,Minimum Score After Removals on a Tree,Hard,76.0
weekly-contest-300,Weekly Contest 300,2022-07-03,4,decode-the-message,2325,Decode the Message,Easy,85.9
weekly-contest-300,Weekly Contest 300,2022-07-03,4,spiral-matrix-iv,2326,Spiral Matrix IV,Medium,82.3
weekly-contest-300,Weekly Contest 300,2022-07-03,4,number-of-people-aware-of-a-secret,2327,Number of People Aware of a Secret,Medium,60.6
weekly-contest-300,Weekly Contest 300,2022-07-03,4,number-of-increasing-paths-in-a-grid,2328,Number of Increasing Paths in a Grid,Hard,57.3
weekly-contest-301,Weekly Contest 301,2022-07-10,4,minimum-amount-of-time-to-fill-cups,2335,Minimum Amount of Time to Fill Cups,Easy,60.4
weekly-contest-301,Weekly Contest 301,2022-07-10,4,smallest-number-in-infinite-set,2336,Smallest Number in Infinite Set,Medium,70.6
weekly-contest-301,Weekly Contest 301,2022-07-10,4,move-pieces-to-obtain-a-string,2337,Move Pieces to Obtain a String,Medium,56.6
weekly-contest-301,Weekly Contest 301,2022-07-10,4,count-the-number-of-ideal-arrays,2338,Count the Number of Ideal Arrays,Hard,56.9
weekly-contest-302,Weekly Contest 302,2022-07-17,4,maximum-number-of-pairs-in-array,2341,Maximum Number of Pairs in Array,Easy,76.2
weekly-contest-302,Weekly Contest 302,2022-07-17,4,max-sum-of-a-pair-with-equal-sum-of-digits,2342,Max Sum of a Pair With Equal Sum of Digits,Medium,65.9
weekly-contest-302,Weekly Contest 302,2022-07-17,4,query-kth-smallest-trimmed-number,2343,Query Kth Smallest Trimmed Number,Medium,47.9
weekly-contest-302,Weekly Contest 302,2022-07-17,4,minimum-deletions-to-make-array-divisible,2344,Minimum Deletions to Make Array Divisible,Hard,61.6
weekly-contest-303,Weekly Contest 303,2022-07-24,4,first-letter-to-appear-twice,2351,First Letter to Appear Twice,Easy,75.1
weekly-contest-303,Weekly Contest 303,2022-07-24,4,equal-row-and-column-pairs,2352,Equal Row and Column Pairs,Medium,71.1
weekly-contest-303,Weekly Contest 303,2022-07-24,4,design-a-food-rating-system,2353,Design a Food Rating System,Medium,52.9
weekly-contest-303,Weekly Contest 303,2022-07-24,4,number-of-excellent-pairs,2354,Number of Excellent Pairs,Hard,49.4
weekly-contest-304,Weekly Contest 304,2022-07-31,4,make-array-zero-by-subtracting-equal-amounts,2357,Make Array Zero by Subtracting Equal Amounts,Easy,73.9
weekly-contest-304,Weekly Contest 304,2022-07-31,4,maximum-number-of-groups-entering-a-competition,2358,Maximum Number of Groups Entering a Competition,Medium,68.6
weekly-contest-304,Weekly Contest 304,2022-07-31,4,find-closest-node-to-given-two-nodes,2359,Find Closest Node to Given Two Nodes,Medium,53.0
weekly-contest-304,Weekly Contest 304,2022-07-31,4,longest-cycle-in-a-graph,2360,Longest Cycle in a Graph,Hard,51.0
weekly-contest-305,Weekly Contest 305,2022-08-07,4,number-of-arithmetic-triplets,2367,Number of Arithmetic Triplets,Easy,85.6
weekly-contest-305,Weekly Contest 305,2022-08-07,4,reachable-nodes-with-restrictions,2368,Reachable Nodes With Restrictions,Medium,60.6
weekly-contest-305,Weekly Contest 305,2022-08-07,4,check-if-there-is-a-valid-partition-for-the-array,2369,Check if There is a Valid Partition For The Array,Medium,52.5
weekly-contest-305,Weekly Contest 305,2022-08-07,4,longest-ideal-subsequence,2370,Longest Ideal Subsequence,Medium,46.6
weekly-contest-306,Weekly Contest 306,2022-08-14,4,largest-local-values-in-a-matrix,2373,Largest Local Values in a Matrix,Easy,87.6
weekly-contest-306,Weekly Contest 306,2022-08-14,4,node-with-highest-edge-score,2374,Node With Highest Edge Score,Medium,49.5
weekly-contest-306,Weekly Contest 306,2022-08-14,4,construct-smallest-number-from-di-string,2375,Construct Smallest Number From DI String,Medium,85.5
weekly-contest-306,Weekly Contest 306,2022-08-14,4,count-special-integers,2376,Count Special Integers,Hard,44.3
weekly-contest-307,Weekly Contest 307,2022-08-21,4,minimum-hours-of-training-to-win-a-competition,2383,Minimum Hours of Training to Win a Competition,Easy,42.7
weekly-contest-307,Weekly Contest 307,2022-08-21,4,largest-palindromic-number,2384,Largest Palindromic Number,Medium,37.3
weekly-contest-307,Weekly Contest 307,2022-08-21,4,amount-of-time-for-binary-tree-to-be-infected,2385,Amount of Time for Binary Tree to Be Infected,Medium,65.8
weekly-contest-307,Weekly Contest 307,2022-08-21,4,find-the-k-sum-of-an-array,2386,Find the K-Sum of an Array,Hard,41.8
weekly-contest-308,Weekly Contest 308,2022-08-28,4,longest-subsequence-with-limited-sum,2389,Longest Subsequence With Limited Sum,Easy,73.7
weekly-contest-308,Weekly Contest 308,2022-08-28,4,removing-stars-from-a-string,2390,Removing Stars From a String,Medium,79.7
weekly-contest-308,Weekly Contest 308,2022-08-28,4,minimum-amount-of-time-to-collect-garbage,2391,Minimum Amount of Time to Collect Garbage,Medium,85.0
weekly-contest-308,Weekly Contest 308,2022-08-28,4,build-a-matrix-with-conditions,2392,Build a Matrix With Conditions,Hard,79.3
weekly-contest-309,Weekly Contest 309,2022-09-04,4,check-distances-between-same-letters,2399,Check Distances Between Same Letters,Easy,71.4
weekly-contest-309,Weekly Contest 309,2022-09-04,4,number-of-ways-to-reach-a-position-after-exactly-k-steps,2400,Number of Ways to Reach a Position After Exactly k Steps,Medium,37.2
weekly-contest-309,Weekly Contest 309,2022-09-04,4,longest-nice-subarray,2401,Longest Nice Subarray,Medium,64.8
weekly-contest-309,Weekly Contest 309,2022-09-04,4,meeting-rooms-iii,2402,Meeting Rooms III,Hard,51.4
weekly-contest-310,Weekly Contest 310,2022-09-11,4,most-frequent-even-element,2404,Most Frequent Even Element,Easy,54.0
weekly-contest-310,Weekly Contest 310,2022-09-11,4,optimal-partition-of-string,2405,Optimal Partition of String,Medium,78.5
weekly-contest-310,Weekly Contest 310,2022-09-11,4,divide-intervals-into-minimum-number-of-groups,2406,Divide Intervals Into Minimum Number of Groups,Medium,63.6
weekly-contest-310,Weekly Contest 310,2022-09-11,4,longest-increasing-subsequence-ii,2407,Longest Increasing Subsequence II,Hard,26.4
weekly-contest-311,Weekly Contest 311,2022-09-18,4,smallest-even-multiple,2413,Smallest Even Multiple,Easy,88.5
weekly-contest-311,Weekly Contest 311,2022-09-18,4,length-of-the-longest-alphabetical-continuous-substring,2414,Length of the Longest Alphabetical Continuous Substring,Medium,61.0
weekly-contest-311,Weekly Contest 311,2022-09-18,4,reverse-odd-levels-of-binary-tree,2415,Reverse Odd Levels of Binary Tree,Medium,86.7
weekly-contest-311,Weekly Contest 311,2022-09-18,4,sum-of-prefix-scores-of-strings,2416,Sum of Prefix Scores of Strings,Hard,60.9
weekly-contest-312,Weekly Contest 312,2022-09-25,4,sort-the-people,2418,Sort the People,Easy,84.8
weekly-contest-312,Weekly Contest 312,2022-09-25,4,longest-subarray-with-maximum-bitwise-and,2419,Longest Subarray With Maximum Bitwise AND,Medium,65.4
weekly-contest-312,Weekly Contest 312,2022-09-25,4,find-all-good-indices,2420,Find All Good Indices,Medium,41.1
weekly-contest-312,Weekly Contest 312,2022-09-25,4,number-of-good-paths,2421,Number of Good Paths,Hard,56.5
weekly-contest-313,Weekly Contest 313,2022-10-02,4,number-of-common-factors,2427,Number of Common Factors,Easy,80.3
weekly-contest-313,Weekly Contest 313,2022-10-02,4,maximum-sum-of-an-hourglass,2428,Maximum Sum of an Hourglass,Medium,76.4
weekly-contest-313,Weekly Contest 313,2022-10-02,4,minimize-xor,2429,Minimize XOR,Medium,62.3
weekly-contest-313,Weekly Contest 313,2022-10-02,4,maximum-deletions-on-a-string,2430,Maximum Deletions on a String,Hard,36.2
weekly-contest-314,Weekly Contest 314,2022-10-09,4,the-employee-that-worked-on-the-longest-task,2432,The Employee That Worked on the Longest Task,Easy,51.6
weekly-contest-314,Weekly Contest 314,2022-10-09,4,find-the-original-array-of-prefix-xor,2433,Find The Original Array of Prefix Xor,Medium,88.4
weekly-contest-314,Weekly Contest 314,2022-10-09,4,using-a-robot-to-print-the-lexicographically-smallest-string,2434,Using a Robot to Print the Lexicographically Smallest String,Medium,62.2
weekly-contest-314,Weekly Contest 314,2022-10-09,4,paths-in-matrix-whose-sum-is-divisible-by-k,2435,Paths in Matrix Whose Sum Is Divisible by K,Hard,58.7
weekly-contest-315,Weekly Contest 315,2022-10-16,4,largest-positive-integer-that-exists-with-its-negative,2441,Largest Positive Integer That Exists With Its Negative,Easy,74.5
weekly-contest-315,Weekly Contest 315,2022-10-16,4,count-number-of-distinct-integers-after-reverse-operations,2442,Count Number of Distinct Integers After Reverse Operations,Medium,81.7
weekly-contest-315,Weekly Contest 315,2022-10-16,4,sum-of-number-and-its-reverse,2443,Sum of Number and Its Reverse,Medium,49.8
weekly-contest-315,Weekly Contest 315,2022-10-16,4,count-subarrays-with-fixed-bounds,2444,Count Subarrays With Fixed Bounds,Hard,69.2
weekly-contest-316,Weekly Contest 316,2022-10-23,4,determine-if-two-events-have-conflict,2446,Determine if Two Events Have Conflict,Easy,53.5
weekly-contest-316,Weekly Contest 316,2022-10-23,4,number-of-subarrays-with-gcd-equal-to-k,2447,Number of Subarrays With GCD Equal to K,Medium,53.3
weekly-contest-316,Weekly Contest 316,2022-10-23,4,minimum-cost-to-make-array-equal,2448,Minimum Cost to Make Array Equal,Hard,46.8
weekly-contest-316,Weekly Contest 316,2022-10-23,4,minimum-number-of-operations-to-make-arrays-similar,2449,Minimum Number of Operations to Make Arrays Similar,Hard,61.4
weekly-contest-317,Weekly Contest 317,2022-10-30,4,average-value-of-even-numbers-that-are-divisible-by-three,2455,Average Value of Even Numbers That Are Divisible by Three,Easy,63.5
weekly-contest-317,Weekly Contest 317,2022-10-30,4,most-popular-video-creator,2456,Most Popular Video Creator,Medium,45.4
weekly-contest-317,Weekly Contest 317,2022-10-30,4,minimum-addition-to-make-integer-beautiful,2457,Minimum Addition to Make Integer Beautiful,Medium,38.9
weekly-contest-317,Weekly Contest 317,2022-10-30,4,height-of-binary-tree-after-subtree-removal-queries,2458,Height of Binary Tree After Subtree Removal Queries,Hard,54.9
weekly-contest-318,Weekly Contest 318,2022-11-06,4,apply-operations-to-an-array,2460,Apply Operations to an Array,Easy,74.8
weekly-contest-318,Weekly Contest 318,2022-11-06,4,maximum-sum-of-distinct-subarrays-with-length-k,2461,Maximum Sum of Distinct Subarrays With Length K,Medium,43.3
weekly-contest-318,Weekly Contest 318,2022-11-06,4,total-cost-to-hire-k-workers,2462,Total Cost to Hire K Workers,Medium,43.8
weekly-contest-318,Weekly Contest 318,2022-11-06,4,minimum-total-distance-traveled,2463,Minimum Total Distance Traveled,Hard,63.1
weekly-contest-319,Weekly Contest 319,2022-11-13,4,convert-the-temperature,2469,Convert the Temperature,Easy,90.3
weekly-contest-319,Weekly Contest 319,2022-11-13,4,number-of-subarrays-with-lcm-equal-to-k,2470,Number of Subarrays With LCM Equal to K,Medium,46.3
weekly-contest-319,Weekly Contest 319,2022-11-13,4,minimum-number-of-operations-to-sort-a-binary-tree-by-level,2471,Minimum Number of Operations to Sort a Binary Tree by Level,Medium,74.2
weekly-contest-319,Weekly Contest 319,2022-11-13,4,maximum-number-of-non-overlapping-palindrome-substrings,2472,Maximum Number of Non-overlapping Palindrome Substrings,Hard,44.9
weekly-contest-320,Weekly Contest 320,2022-11-20,4,number-of-unequal-triplets-in-array,2475,Number of Unequal Triplets in Array,Easy,73.5
weekly-contest-320,Weekly Contest 320,2022-11-20,4,closest-nodes-queries-in-a-binary-search-tree,2476,Closest Nodes Queries in a Binary Search Tree,Medium,44.8
weekly-contest-320,Weekly Contest 320,2022-11-20,4,minimum-fuel-cost-to-report-to-the-capital,2477,Minimum Fuel Cost to Report to the Capital,Medium,65.4
weekly-contest-320,Weekly Contest 320,2022-11-20,4,number-of-beautiful-partitions,2478,Number of Beautiful Partitions,Hard,33.2
weekly-contest-321,Weekly Contest 321,2022-11-27,4,find-the-pivot-integer,2485,Find the Pivot Integer,Easy,83.7
weekly-contest-321,Weekly Contest 321,2022-11-27,4,append-characters-to-string-to-make-subsequence,2486,Append Characters to String to Make Subsequence,Medium,73.1
weekly-contest-321,Weekly Contest 321,2022-11-27,4,remove-nodes-from-linked-list,2487,Remove Nodes From Linked List,Medium,75.1
weekly-contest-321,Weekly Contest 321,2022-11-27,4,count-subarrays-with-median-k,2488,Count Subarrays With Median K,Hard,49.1
weekly-contest-322,Weekly Contest 322,2022-12-04,4,circular-sentence,2490,Circular Sentence,Easy,70.1
weekly-contest-322,Weekly Contest 322,2022-12-04,4,divide-players-into-teams-of-equal-skill,2491,Divide Players Into Teams of Equal Skill,Medium,68.9
weekly-contest-322,Weekly Contest 322,2022-12-04,4,minimum-score-of-a-path-between-two-cities,2492,Minimum Score of a Path Between Two Cities,Medium,66.2
weekly-contest-322,Weekly Contest 322,2022-12-04,4,divide-nodes-into-the-maximum-number-of-groups,2493,Divide Nodes Into the Maximum Number of Groups,Hard,66.9
weekly-contest-323,Weekly Contest 323,2022-12-11,4,delete-greatest-value-in-each-row,2500,Delete Greatest Value in Each Row,Easy,80.1
weekly-contest-323,Weekly Contest 323,2022-12-11,4,longest-square-streak-in-an-array,2501,Longest Square Streak in an Array,Medium,53.1
weekly-contest-323,Weekly Contest 323,2022-12-11,4,design-memory-allocator,2502,Design Memory Allocator,Medium,50.5
weekly-contest-323,Weekly Contest 323,2022-12-11,4,maximum-number-of-points-from-grid-queries,2503,Maximum Number of Points From Grid Queries,Hard,59.2
weekly-contest-324,Weekly Contest 324,2022-12-18,4,count-pairs-of-similar-strings,2506,Count Pairs Of Similar Strings,Easy,73.7
weekly-contest-324,Weekly Contest 324,2022-12-18,4,smallest-value-after-replacing-with-sum-of-prime-factors,2507,Smallest Value After Replacing With Sum of Prime Factors,Medium,50.2
weekly-contest-324,Weekly Contest 324,2022-12-18,4,add-edges-to-make-degrees-of-all-nodes-even,2508,Add Edges to Make Degrees of All Nodes Even,Hard,36.7
weekly-contest-324,Weekly Contest 324,2022-12-18,4,cycle-length-queries-in-a-tree,2509,Cycle Length Queries in a Tree,Hard,60.7
weekly-contest-325,Weekly Contest 325,2022-12-25,4,shortest-distance-to-target-string-in-a-circular-array,2515,Shortest Distance to Target String in a Circular Array,Easy,65.2
weekly-contest-325,Weekly Contest 325,2022-12-25,4,take-k-of-each-character-from-left-and-right,2516,Take K of Each Character From Left and Right,Medium,51.5
weekly-contest-325,Weekly Contest 325,2022-12-25,4,maximum-tastiness-of-candy-basket,2517,Maximum Tastiness of Candy Basket,Medium,68.5
weekly-contest-325,Weekly Contest 325,2022-12-25,4,number-of-great-partitions,2518,Number of Great Partitions,Hard,33.7
weekly-contest-326,Weekly Contest 326,2023-01-01,4,count-the-digits-that-divide-a-number,2520,Count the Digits That Divide a Number,Easy,86.0
weekly-contest-326,Weekly Contest 326,2023-01-01,4,distinct-prime-factors-of-product-of-array,2521,Distinct Prime Factors of Product of Array,Medium,54.9
weekly-contest-326,Weekly Contest 326,2023-01-01,4,partition-string-into-substrings-with-values-at-most-k,2522,Partition String Into Substrings With Values at Most K,Medium,47.9
weekly-contest-326,Weekly Contest 326,2023-01-01,4,closest-prime-numbers-in-range,2523,Closest Prime Numbers in Range,Medium,51.9
weekly-contest-327,Weekly Contest 327,2023-01-08,4,maximum-count-of-positive-integer-and-negative-integer,2529,Maximum Count of Positive Integer and Negative Integer,Easy,74.2
weekly-contest-327,Weekly Contest 327,2023-01-08,4,maximal-score-after-applying-k-operations,2530,Maximal Score After Applying K Operations,Medium,64.2
weekly-contest-327,Weekly Contest 327,2023-01-08,4,make-number-of-distinct-characters-equal,2531,Make Number of Distinct Characters Equal,Medium,27.8
weekly-contest-327,Weekly Contest 327,2023-01-08,4,time-to-cross-a-bridge,2532,Time to Cross a Bridge,Hard,44.2
weekly-contest-328,Weekly Contest 328,2023-01-15,4,difference-between-element-sum-and-digit-sum-of-an-array,2535,Difference Between Element Sum and Digit Sum of an Array,Easy,85.4
weekly-contest-328,Weekly Contest 328,2023-01-15,4,increment-submatrices-by-one,2536,Increment Submatrices by One,Medium,73.8
weekly-contest-328,Weekly Contest 328,2023-01-15,4,count-the-number-of-good-subarrays,2537,Count the Number of Good Subarrays,Medium,65.7
weekly-contest-328,Weekly Contest 328,2023-01-15,4,difference-between-maximum-and-minimum-price-sum,2538,Difference Between Maximum and Minimum Price Sum,Hard,33.9
weekly-contest-329,Weekly Contest 329,2023-01-22,4,alternating-digit-sum,2544,Alternating Digit Sum,Easy,69.2
weekly-contest-329,Weekly Contest 329,2023-01-22,4,sort-the-students-by-their-kth-score,2545,Sort the Students by Their Kth Score,Medium,86.0
weekly-contest-329,Weekly Contest 329,2023-01-22,4,apply-bitwise-operations-to-make-strings-equal,2546,Apply Bitwise Operations to Make Strings Equal,Medium,42.8
weekly-contest-329,Weekly Contest 329,2023-01-22,4,minimum-cost-to-split-an-array,2547,Minimum Cost to Split an Array,Hard,44.9
weekly-contest-330,Weekly Contest 330,2023-01-29,4,count-distinct-numbers-on-board,2549,Count Distinct Numbers on Board,Easy,61.8
weekly-contest-330,Weekly Contest 330,2023-01-29,4,count-collisions-of-monkeys-on-a-polygon,2550,Count Collisions of Monkeys on a Polygon,Medium,30.3
weekly-contest-330,Weekly Contest 330,2023-01-29,4,put-marbles-in-bags,2551,Put Marbles in Bags,Hard,72.1
weekly-contest-330,Weekly Contest 330,2023-01-29,4,count-increasing-quadruplets,2552,Count Increasing Quadruplets,Hard,34.4
weekly-contest-331,Weekly Contest 331,2023-02-05,4,take-gifts-from-the-richest-pile,2558,Take Gifts From the Richest Pile,Easy,75.4
weekly-contest-331,Weekly Contest 331,2023-02-05,4,count-vowel-strings-in-ranges,2559,Count Vowel Strings in Ranges,Medium,67.9
weekly-contest-331,Weekly Contest 331,2023-02-05,4,house-robber-iv,2560,House Robber IV,Medium,64.6
weekly-contest-331,Weekly Contest 331,2023-02-05,4,rearranging-fruits,2561,Rearranging Fruits,Hard,57.3
weekly-contest-332,Weekly Contest 332,2023-02-12,4,find-the-array-concatenation-value,2562,Find the Array Concatenation Value,Easy,72.1
weekly-contest-332,Weekly Contest 332,2023-02-12,4,count-the-number-of-fair-pairs,2563,Count the Number of Fair Pairs,Medium,52.6
weekly-contest-332,Weekly Contest 332,2023-02-12,4,substring-xor-queries,2564,Substring XOR Queries,Medium,35.8
weekly-contest-332,Weekly Contest 332,2023-02-12,4,subsequence-with-the-minimum-score,2565,Subsequence With the Minimum Score,Hard,33.6
weekly-contest-333,Weekly Contest 333,2023-02-19,4,merge-two-2d-arrays-by-summing-values,2570,Merge Two 2D Arrays by Summing Values,Easy,81.7
weekly-contest-333,Weekly Contest 333,2023-02-19,4,minimum-operations-to-reduce-an-integer-to-0,2571,Minimum Operations to Reduce an Integer to 0,Medium,63.0
weekly-contest-333,Weekly Contest 333,2023-02-19,4,count-the-number-of-square-free-subsets,2572,Count the Number of Square-Free Subsets,Medium,26.8
weekly-contest-333,Weekly Contest 333,2023-02-19,4,find-the-string-with-lcp,2573,Find the String with LCP,Hard,63.1
weekly-contest-334,Weekly Contest 334,2023-02-26,4,left-and-right-sum-differences,2574,Left and Right Sum Differences,Easy,89.7
weekly-contest-334,Weekly Contest 334,2023-02-26,4,find-the-divisibility-array-of-a-string,2575,Find the Divisibility Array of a String,Medium,36.8
weekly-contest-334,Weekly Contest 334,2023-02-26,4,find-the-maximum-number-of-marked-indices,2576,Find the Maximum Number of Marked Indices,Medium,41.5
weekly-contest-334,Weekly Contest 334,2023-02-26,4,minimum-time-to-visit-a-cell-in-a-grid,2577,Minimum Time to Visit a Cell In a Grid,Hard,56.1
weekly-contest-335,Weekly Contest 335,2023-03-05,4,pass-the-pillow,2582,Pass the Pillow,Easy,56.6
weekly-contest-335,Weekly Contest 335,2023-03-05,4,kth-largest-sum-in-a-binary-tree,2583,Kth Largest Sum in a Binary Tree,Medium,59.0
weekly-contest-335,Weekly Contest 335,2023-03-05,4,split-the-array-to-make-coprime-products,2584,Split the Array to Make Coprime Products,Hard,29.2
weekly-contest-335,Weekly Contest 335,2023-03-05,4,number-of-ways-to-earn-points,2585,Number of Ways to Earn Points,Hard,60.0
weekly-contest-336,Weekly Contest 336,2023-03-12,4,count-the-number-of-vowel-strings-in-range,2586,Count the Number of Vowel Strings in Range,Easy,74.5
weekly-contest-336,Weekly Contest 336,2023-03-12,4,rearrange-array-to-maximize-prefix-score,2587,Rearrange Array to Maximize Prefix Score,Medium,43.0
weekly-contest-336,Weekly Contest 336,2023-03-12,4,count-the-number-of-beautiful-subarrays,2588,Count the Number of Beautiful Subarrays,Medium,54.5
weekly-contest-336,Weekly Contest 336,2023-03-12,4,minimum-time-to-complete-all-tasks,2589,Minimum Time to Complete All Tasks,Hard,40.2
weekly-contest-337,Weekly Contest 337,2023-03-19,4,number-of-even-and-odd-bits,2595,Number of Even and Odd Bits,Easy,73.8
weekly-contest-337,Weekly Contest 337,2023-03-19,4,check-knight-tour-configuration,2596,Check Knight Tour Configuration,Medium,61.8
weekly-contest-337,Weekly Contest 337,2023-03-19,4,the-number-of-beautiful-subsets,2597,The Number of Beautiful Subsets,Medium,51.0
weekly-contest-337,Weekly Contest 337,2023-03-19,4,smallest-missing-non-negative-integer-after-operations,2598,Smallest Missing Non-negative Integer After Operations,Medium,55.9
weekly-contest-338,Weekly Contest 338,2023-03-26,4,k-items-with-the-maximum-sum,2600,K Items With the Maximum Sum,Easy,60.3
weekly-contest-338,Weekly Contest 338,2023-03-26,4,prime-subtraction-operation,2601,Prime Subtraction Operation,Medium,55.6
weekly-contest-338,Weekly Contest 338,2023-03-26,4,minimum-operations-to-make-all-array-elements-equal,2602,Minimum Operations to Make All Array Elements Equal,Medium,38.7
weekly-contest-338,Weekly Contest 338,2023-03-26,4,collect-coins-in-a-tree,2603,Collect Coins in a Tree,Hard,39.6
weekly-contest-339,Weekly Contest 339,2023-04-02,4,find-the-longest-balanced-substring-of-a-binary-string,2609,Find the Longest Balanced Substring of a Binary String,Easy,46.8
weekly-contest-339,Weekly Contest 339,2023-04-02,4,convert-an-array-into-a-2d-array-with-conditions,2610,Convert an Array Into a 2D Array With Conditions,Medium,86.1
weekly-contest-339,Weekly Contest 339,2023-04-02,4,mice-and-cheese,2611,Mice and Cheese,Medium,49.0
weekly-contest-339,Weekly Contest 339,2023-04-02,4,minimum-reverse-operations,2612,Minimum Reverse Operations,Hard,17.3
weekly-contest-340,Weekly Contest 340,2023-04-09,4,prime-in-diagonal,2614,Prime In Diagonal,Easy,38.1
weekly-contest-340,Weekly Contest 340,2023-04-09,4,sum-of-distances,2615,Sum of Distances,Medium,50.3
weekly-contest-340,Weekly Contest 340,2023-04-09,4,minimize-the-maximum-difference-of-pairs,2616,Minimize the Maximum Difference of Pairs,Medium,51.0
weekly-contest-340,Weekly Contest 340,2023-04-09,4,minimum-number-of-visited-cells-in-a-grid,2617,Minimum Number of Visited Cells in a Grid,Hard,24.0
weekly-contest-341,Weekly Contest 341,2023-04-16,4,row-with-maximum-ones,2643,Row With Maximum Ones,Easy,74.2
weekly-contest-341,Weekly Contest 341,2023-04-16,4,find-the-maximum-divisibility-score,2644,Find the Maximum Divisibility Score,Easy,52.1
weekly-contest-341,Weekly Contest 341,2023-04-16,4,minimum-additions-to-make-valid-string,2645,Minimum Additions to Make Valid String,Medium,51.2
weekly-contest-341,Weekly Contest 341,2023-04-16,4,minimize-the-total-price-of-the-trips,2646,Minimize the Total Price of the Trips,Hard,48.1
weekly-contest-342,Weekly Contest 342,2023-04-23,4,calculate-delayed-arrival-time,2651,Calculate Delayed Arrival Time,Easy,75.4
weekly-contest-342,Weekly Contest 342,2023-04-23,4,sum-multiples,2652,Sum Multiples,Easy,86.2
weekly-contest-342,Weekly Contest 342,2023-04-23,4,sliding-subarray-beauty,2653,Sliding Subarray Beauty,Medium,37.6
weekly-contest-342,Weekly Contest 342,2023-04-23,4,minimum-number-of-operations-to-make-all-array-elements-equal-to-1,2654,Minimum Number of Operations to Make All Array Elements Equal to 1,Medium,54.7
weekly-contest-343,Weekly Contest 343,2023-04-30,4,determine-the-winner-of-a-bowling-game,2660,Determine the Winner of a Bowling Game,Easy,37.9
weekly-contest-343,Weekly Contest 343,2023-04-30,4,first-completely-painted-row-or-column,2661,First Completely Painted Row or Column,Medium,63.9
weekly-contest-343,Weekly Contest 343,2023-04-30,4,minimum-cost-of-a-path-with-special-roads,2662,Minimum Cost of a Path With Special Roads,Medium,43.7
weekly-contest-343,Weekly Contest 343,2023-04-30,4,lexicographically-smallest-beautiful-string,2663,Lexicographically Smallest Beautiful String,Hard,38.5
weekly-contest-344,Weekly Contest 344,2023-05-07,4,find-the-distinct-difference-array,2670,Find the Distinct Difference Array,Easy,76.8
weekly-contest-344,Weekly Contest 344,2023-05-07,4,frequency-tracker,2671,Frequency Tracker,Medium,31.5
weekly-contest-344,Weekly Contest 344,2023-05-07,4,number-of-adjacent-elements-with-the-same-color,2672,Number of Adjacent Elements With the Same Color,Medium,59.8
weekly-contest-344,Weekly Contest 344,2023-05-07,4,make-costs-of-paths-equal-in-a-binary-tree,2673,Make Costs of Paths Equal in a Binary Tree,Medium,58.9
weekly-contest-345,Weekly Contest 345,2023-05-14,4,find-the-losers-of-the-circular-game,2682,Find the Losers of the Circular Game,Easy,50.4
weekly-contest-345,Weekly Contest 345,2023-05-14,4,neighboring-bitwise-xor,2683,Neighboring Bitwise XOR,Medium,79.8
weekly-contest-345,Weekly Contest 345,2023-05-14,4,maximum-number-of-moves-in-a-grid,2684,Maximum Number of Moves in a Grid,Medium,58.8
weekly-contest-345,Weekly Contest 345,2023-05-14,4,count-the-number-of-complete-components,2685,Count the Number of Complete Components,Medium,80.8
weekly-contest-346,Weekly Contest 346,2023-05-21,4,minimum-string-length-after-removing-substrings,2696,Minimum String Length After Removing Substrings,Easy,77.2
weekly-contest-346,Weekly Contest 346,2023-05-21,4,lexicographically-smallest-palindrome,2697,Lexicographically Smallest Palindrome,Easy,81.5
weekly-contest-346,Weekly Contest 346,2023-05-21,4,find-the-punishment-number-of-an-integer,2698,Find the Punishment Number of an Integer,Medium,81.6
weekly-contest-346,Weekly Contest 346,2023-05-21,4,modify-graph-edge-weights,2699,Modify Graph Edge Weights,Hard,55.6
weekly-contest-347,Weekly Contest 347,2023-05-28,4,remove-trailing-zeros-from-a-string,2710,Remove Trailing Zeros From a String,Easy,79.8
weekly-contest-347,Weekly Contest 347,2023-05-28,4,difference-of-number-of-distinct-values-on-diagonals,2711,Difference of Number of Distinct Values on Diagonals,Medium,68.6
weekly-contest-347,Weekly Contest 347,2023-05-28,4,minimum-cost-to-make-all-characters-equal,2712,Minimum Cost to Make All Characters Equal,Medium,54.6
weekly-contest-347,Weekly Contest 347,2023-05-28,4,maximum-strictly-increasing-cells-in-a-matrix,2713,Maximum Strictly Increasing Cells in a Matrix,Hard,31.6
weekly-contest-348,Weekly Contest 348,2023-06-04,4,minimize-string-length,2716,Minimize String Length,Easy,79.6
weekly-contest-348,Weekly Contest 348,2023-06-04,4,semi-ordered-permutation,2717,Semi-Ordered Permutation,Easy,64.4
weekly-contest-348,Weekly Contest 348,2023-06-04,4,sum-of-matrix-after-queries,2718,Sum of Matrix After Queries,Medium,32.3
weekly-contest-348,Weekly Contest 348,2023-06-04,4,count-of-integers,2719,Count of Integers,Hard,39.1
weekly-contest-349,Weekly Contest 349,2023-06-11,4,neither-minimum-nor-maximum,2733,Neither Minimum nor Maximum,Easy,76.5
weekly-contest-349,Weekly Contest 349,2023-06-11,4,lexicographically-smallest-string-after-substring-operation,2734,Lexicographically Smallest String After Substring Operation,Medium,35.3
weekly-contest-349,Weekly Contest 349,2023-06-11,4,collecting-chocolates,2735,Collecting Chocolates,Medium,35.3
weekly-contest-349,Weekly Contest 349,2023-06-11,4,maximum-sum-queries,2736,Maximum Sum Queries,Hard,31.0
weekly-contest-350,Weekly Contest 350,2023-06-18,4,total-distance-traveled,2739,Total Distance Traveled,Easy,41.7
weekly-contest-350,Weekly Contest 350,2023-06-18,4,find-the-value-of-the-partition,2740,Find the Value of the Partition,Medium,65.1
weekly-contest-350,Weekly Contest 350,2023-06-18,4,special-permutations,2741,Special Permutations,Medium,29.8
weekly-contest-350,Weekly Contest 350,2023-06-18,4,painting-the-walls,2742,Painting the Walls,Hard,49.2
weekly-contest-351,Weekly Contest 351,2023-06-25,4,number-of-beautiful-pairs,2748,Number of Beautiful Pairs,Easy,52.7
weekly-contest-351,Weekly Contest 351,2023-06-25,4,minimum-operations-to-make-the-integer-zero,2749,Minimum Operations to Make the Integer Zero,Medium,58.2
weekly-contest-351,Weekly Contest 351,2023-06-25,4,ways-to-split-array-into-good-subarrays,2750,Ways to Split Array Into Good Subarrays,Medium,35.3
weekly-contest-351,Weekly Contest 351,2023-06-25,4,robot-collisions,2751,Robot Collisions,Hard,61.6
weekly-contest-352,Weekly Contest 352,2023-07-02,4,longest-even-odd-subarray-with-threshold,2760,Longest Even Odd Subarray With Threshold,Easy,32.4
weekly-contest-352,Weekly Contest 352,2023-07-02,4,prime-pairs-with-target-sum,2761,Prime Pairs With Target Sum,Medium,38.2
weekly-contest-352,Weekly Contest 352,2023-07-02,4,continuous-subarrays,2762,Continuous Subarrays,Medium,58.0
weekly-contest-352,Weekly Contest 352,2023-07-02,4,sum-of-imbalance-numbers-of-all-subarrays,2763,Sum of Imbalance Numbers of All Subarrays,Hard,43.7
weekly-contest-353,Weekly Contest 353,2023-07-09,4,find-the-maximum-achievable-number,2769,Find the Maximum Achievable Number,Easy,91.5
weekly-contest-353,Weekly Contest 353,2023-07-09,4,maximum-number-of-jumps-to-reach-the-last-index,2770,Maximum Number of Jumps to Reach the Last Index,Medium,51.0
weekly-contest-353,Weekly Contest 353,2023-07-09,4,longest-non-decreasing-subarray-from-two-arrays,2771,Longest Non-decreasing Subarray From Two Arrays,Medium,31.4
weekly-contest-353,Weekly Contest 353,2023-07-09,4,apply-operations-to-make-all-array-elements-equal-to-zero,2772,Apply Operations to Make All Array Elements Equal to Zero,Medium,33.7
weekly-contest-354,Weekly Contest 354,2023-07-16,4,sum-of-squares-of-special-elements,2778,Sum of Squares of Special Elements ,Easy,82.3
weekly-contest-354,Weekly Contest 354,2023-07-16,4,maximum-beauty-of-an-array-after-applying-operation,2779,Maximum Beauty of an Array After Applying Operation,Medium,58.5
weekly-contest-354,Weekly Contest 354,2023-07-16,4,minimum-index-of-a-valid-split,2780,Minimum Index of a Valid Split,Medium,75.5
weekly-contest-354,Weekly Contest 354,2023-07-16,4,length-of-the-longest-valid-substring,2781,Length of the Longest Valid Substring,Hard,38.6
weekly-contest-355,Weekly Contest 355,2023-07-23,4,split-strings-by-separator,2788,Split Strings by Separator,Easy,76.5
weekly-contest-355,Weekly Contest 355,2023-07-23,4,largest-element-in-an-array-after-merge-operations,2789,Largest Element in an Array after Merge Operations,Medium,48.2
weekly-contest-355,Weekly Contest 355,2023-07-23,4,maximum-number-of-groups-with-increasing-length,2790,Maximum Number of Groups With Increasing Length,Hard,23.3
weekly-contest-355,Weekly Contest 355,2023-07-23,4,count-paths-that-can-form-a-palindrome-in-a-tree,2791,Count Paths That Can Form a Palindrome in a Tree,Hard,53.1
weekly-contest-356,Weekly Contest 356,2023-07-30,4,number-of-employees-who-met-the-target,2798,Number of Employees Who Met the Target,Easy,87.9
weekly-contest-356,Weekly Contest 356,2023-07-30,4,count-complete-subarrays-in-an-array,2799,Count Complete Subarrays in an Array,Medium,76.1
weekly-contest-356,Weekly Contest 356,2023-07-30,4,shortest-string-that-contains-three-strings,2800,Shortest String That Contains Three Strings,Medium,32.1
weekly-contest-356,Weekly Contest 356,2023-07-30,4,count-stepping-numbers-in-range,2801,Count Stepping Numbers in Range,Hard,29.4
weekly-contest-357,Weekly Contest 357,2023-08-06,4,faulty-keyboard,2810,Faulty Keyboard,Easy,80.5
weekly-contest-357,Weekly Contest 357,2023-08-06,4,check-if-it-is-possible-to-split-array,2811,Check if it is Possible to Split Array,Medium,34.5
weekly-contest-357,Weekly Contest 357,2023-08-06,4,find-the-safest-path-in-a-grid,2812,Find the Safest Path in a Grid,Medium,57.3
weekly-contest-357,Weekly Contest 357,2023-08-06,4,maximum-elegance-of-a-k-length-subsequence,2813,Maximum Elegance of a K-Length Subsequence,Hard,29.2
weekly-contest-358,Weekly Contest 358,2023-08-13,4,max-pair-sum-in-an-array,2815,Max Pair Sum in an Array,Easy,61.1
weekly-contest-358,Weekly Contest 358,2023-08-13,4,double-a-number-represented-as-a-linked-list,2816,Double a Number Represented as a Linked List,Medium,61.3
weekly-contest-358,Weekly Contest 358,2023-08-13,4,minimum-absolute-difference-between-elements-with-constraint,2817,Minimum Absolute Difference Between Elements With Constraint,Medium,37.9
weekly-contest-358,Weekly Contest 358,2023-08-13,4,apply-operations-to-maximize-score,2818,Apply Operations to Maximize Score,Hard,53.6
weekly-contest-359,Weekly Contest 359,2023-08-20,4,check-if-a-string-is-an-acronym-of-words,2828,Check if a String Is an Acronym of Words,Easy,83.1
weekly-contest-359,Weekly Contest 359,2023-08-20,4,determine-the-minimum-sum-of-a-k-avoiding-array,2829,Determine the Minimum Sum of a k-avoiding Array,Medium,61.1
weekly-contest-359,Weekly Contest 359,2023-08-20,4,maximize-the-profit-as-the-salesman,2830,Maximize the Profit as the Salesman,Medium,38.4
weekly-contest-359,Weekly Contest 359,2023-08-20,4,find-the-longest-equal-subarray,2831,Find the Longest Equal Subarray,Medium,38.5
weekly-contest-360,Weekly Contest 360,2023-08-27,4,furthest-point-from-origin,2833,Furthest Point From Origin,Easy,77.2
weekly-contest-360,Weekly Contest 360,2023-08-27,4,find-the-minimum-possible-sum-of-a-beautiful-array,2834,Find the Minimum Possible Sum of a Beautiful Array,Medium,34.9
weekly-contest-360,Weekly Contest 360,2023-08-27,4,minimum-operations-to-form-subsequence-with-target-sum,2835,Minimum Operations to Form Subsequence With Target Sum,Hard,32.7
weekly-contest-360,Weekly Contest 360,2023-08-27,4,maximize-value-of-function-in-a-ball-passing-game,2836,Maximize Value of Function in a Ball Passing Game,Hard,31.6
weekly-contest-361,Weekly Contest 361,2023-09-03,4,count-symmetric-integers,2843,  Count Symmetric Integers,Easy,83.0
weekly-contest-361,Weekly Contest 361,2023-09-03,4,minimum-operations-to-make-a-special-number,2844,Minimum Operations to Make a Special Number,Medium,38.7
weekly-contest-361,Weekly Contest 361,2023-09-03,4,count-of-interesting-subarrays,2845,Count of Interesting Subarrays,Medium,58.0
weekly-contest-361,Weekly Contest 361,2023-09-03,4,minimum-edge-weight-equilibrium-queries-in-a-tree,2846,Minimum Edge Weight Equilibrium Queries in a Tree,Hard,47.3
weekly-contest-362,Weekly Contest 362,2023-09-10,4,points-that-intersect-with-cars,2848,Points That Intersect With Cars,Easy,73.5
weekly-contest-362,Weekly Contest 362,2023-09-10,4,determine-if-a-cell-is-reachable-at-a-given-time,2849,Determine if a Cell Is Reachable at a Given Time,Medium,37.1
weekly-contest-362,Weekly Contest 362,2023-09-10,4,minimum-moves-to-spread-stones-over-grid,2850,Minimum Moves to Spread Stones Over Grid,Medium,45.9
weekly-contest-362,Weekly Contest 362,2023-09-10,4,string-transformation,2851,String Transformation,Hard,27.6
weekly-contest-363,Weekly Contest 363,2023-09-17,4,sum-of-values-at-indices-with-k-set-bits,2859,Sum of Values at Indices With K Set Bits,Easy,86.2
weekly-contest-363,Weekly Contest 363,2023-09-17,4,happy-students,2860,Happy Students,Medium,51.3
weekly-contest-363,Weekly Contest 363,2023-09-17,4,maximum-number-of-alloys,2861,Maximum Number of Alloys,Medium,41.4
weekly-contest-363,Weekly Contest 363,2023-09-17,4,maximum-element-sum-of-a-complete-subset-of-indices,2862,Maximum Element-Sum of a Complete Subset of Indices,Hard,43.4
weekly-contest-364,Weekly Contest 364,2023-09-24,4,maximum-odd-binary-number,2864,Maximum Odd Binary Number,Easy,82.9
weekly-contest-364,Weekly Contest 364,2023-09-24,4,beautiful-towers-i,2865,Beautiful Towers I,Medium,44.8
weekly-contest-364,Weekly Contest 364,2023-09-24,4,beautiful-towers-ii,2866,Beautiful Towers II,Medium,36.9
weekly-contest-364,Weekly Contest 364,2023-09-24,4,count-valid-paths-in-a-tree,2867,Count Valid Paths in a Tree,Hard,36.8
weekly-contest-365,Weekly Contest 365,2023-10-01,4,maximum-value-of-an-ordered-triplet-i,2873,Maximum Value of an Ordered Triplet I,Easy,58.2
weekly-contest-365,Weekly Contest 365,2023-10-01,4,maximum-value-of-an-ordered-triplet-ii,2874,Maximum Value of an Ordered Triplet II,Medium,56.4
weekly-contest-365,Weekly Contest 365,2023-10-01,4,minimum-size-subarray-in-infinite-array,2875,Minimum Size Subarray in Infinite Array,Medium,32.3
weekly-contest-365,Weekly Contest 365,2023-10-01,4,count-visited-nodes-in-a-directed-graph,2876,Count Visited Nodes in a Directed Graph,Hard,31.3
weekly-contest-366,Weekly Contest 366,2023-10-08,4,divisible-and-non-divisible-sums-difference,2894,Divisible and Non-divisible Sums Difference,Easy,91.1
weekly-contest-366,Weekly Contest 366,2023-10-08,4,minimum-processing-time,2895,Minimum Processing Time,Medium,70.7
weekly-contest-366,Weekly Contest 366,2023-10-08,4,apply-operations-to-make-two-strings-equal,2896,Apply Operations to Make Two Strings Equal,Medium,27.9
weekly-contest-366,Weekly Contest 366,2023-10-08,4,apply-operations-on-array-to-maximize-sum-of-squares,2897,Apply Operations on Array to Maximize Sum of Squares,Hard,45.0
weekly-contest-367,Weekly Contest 367,2023-10-15,4,find-indices-with-index-and-value-difference-i,2903,Find Indices With Index and Value Difference I,Easy,60.0
weekly-contest-367,Weekly Contest 367,2023-10-15,4,shortest-and-lexicographically-smallest-beautiful-string,2904,Shortest and Lexicographically Smallest Beautiful String,Medium,41.4
weekly-contest-367,Weekly Contest 367,2023-10-15,4,find-indices-with-index-and-value-difference-ii,2905,Find Indices With Index and Value Difference II,Medium,32.6
weekly-contest-367,Weekly Contest 367,2023-10-15,4,construct-product-matrix,2906,Construct Product Matrix,Medium,51.7
weekly-contest-368,Weekly Contest 368,2023-10-22,4,minimum-sum-of-mountain-triplets-i,2908,Minimum Sum of Mountain Triplets I,Easy,67.8
weekly-contest-368,Weekly Contest 368,2023-10-22,4,minimum-sum-of-mountain-triplets-ii,2909,Minimum Sum of Mountain Triplets II,Medium,54.9
weekly-contest-368,Weekly Contest 368,2023-10-22,4,minimum-number-of-groups-to-create-a-valid-assignment,2910,Minimum Number of Groups to Create a Valid Assignment,Medium,25.4
weekly-contest-368,Weekly Contest 368,2023-10-22,4,minimum-changes-to-make-k-semi-palindromes,2911,Minimum Changes to Make K Semi-palindromes,Hard,36.2
weekly-contest-369,Weekly Contest 369,2023-10-29,4,find-the-k-or-of-an-array,2917,Find the K-or of an Array,Easy,73.0
weekly-contest-369,Weekly Contest 369,2023-10-29,4,minimum-equal-sum-of-two-arrays-after-replacing-zeros,2918,Minimum Equal Sum of Two Arrays After Replacing Zeros,Medium,50.2
weekly-contest-369,Weekly Contest 369,2023-10-29,4,minimum-increment-operations-to-make-array-beautiful,2919,Minimum Increment Operations to Make Array Beautiful,Medium,35.0
weekly-contest-369,Weekly Contest 369,2023-10-29,4,maximum-points-after-collecting-coins-from-all-nodes,2920,Maximum Points After Collecting Coins From All Nodes,Hard,37.0
weekly-contest-370,Weekly Contest 370,2023-11-05,4,find-champion-i,2923,Find Champion I,Easy,73.6
weekly-contest-370,Weekly Contest 370,2023-11-05,4,find-champion-ii,2924,Find Champion II,Medium,70.4
weekly-contest-370,Weekly Contest 370,2023-11-05,4,maximum-score-after-applying-operations-on-a-tree,2925,Maximum Score After Applying Operations on a Tree,Medium,47.6
weekly-contest-370,Weekly Contest 370,2023-11-05,4,maximum-balanced-subsequence-sum,2926,Maximum Balanced Subsequence Sum,Hard,26.1
weekly-contest-371,Weekly Contest 371,2023-11-12,4,maximum-strong-pair-xor-i,2932,Maximum Strong Pair XOR I,Easy,76.3
weekly-contest-371,Weekly Contest 371,2023-11-12,4,high-access-employees,2933,High-Access Employees,Medium,47.7
weekly-contest-371,Weekly Contest 371,2023-11-12,4,minimum-operations-to-maximize-last-elements-in-arrays,2934,Minimum Operations to Maximize Last Elements in Arrays,Medium,44.2
weekly-contest-371,Weekly Contest 371,2023-11-12,4,maximum-strong-pair-xor-ii,2935,Maximum Strong Pair XOR II,Hard,32.7
weekly-contest-372,Weekly Contest 372,2023-11-19,4,make-three-strings-equal,2937,Make Three Strings Equal,Easy,45.3
weekly-contest-372,Weekly Contest 372,2023-11-19,4,separate-black-and-white-balls,2938,Separate Black and White Balls,Medium,63.9
weekly-contest-372,Weekly Contest 372,2023-11-19,4,maximum-xor-product,2939,Maximum Xor Product,Medium,30.4
weekly-contest-372,Weekly Contest 372,2023-11-19,4,find-building-where-alice-and-bob-can-meet,2940,Find Building Where Alice and Bob Can Meet,Hard,52.5
weekly-contest-373,Weekly Contest 373,2023-11-26,4,matrix-similarity-after-cyclic-shifts,2946,Matrix Similarity After Cyclic Shifts,Easy,74.4
weekly-contest-373,Weekly Contest 373,2023-11-26,4,count-beautiful-substrings-i,2947,Count Beautiful Substrings I,Medium,61.6
weekly-contest-373,Weekly Contest 373,2023-11-26,4,make-lexicographically-smallest-array-by-swapping-elements,2948,Make Lexicographically Smallest Array by Swapping Elements,Medium,60.1
weekly-contest-373,Weekly Contest 373,2023-11-26,4,count-beautiful-substrings-ii,2949,Count Beautiful Substrings II,Hard,27.9
weekly-contest-374,Weekly Contest 374,2023-12-03,4,find-the-peaks,2951,Find the Peaks,Easy,75.4
weekly-contest-374,Weekly Contest 374,2023-12-03,4,minimum-number-of-coins-to-be-added,2952,Minimum Number of Coins to be Added,Medium,58.5
weekly-contest-374,Weekly Contest 374,2023-12-03,4,count-complete-substrings,2953,Count Complete Substrings,Hard,31.1
weekly-contest-374,Weekly Contest 374,2023-12-03,4,count-the-number-of-infection-sequences,2954,Count the Number of Infection Sequences,Hard,38.2
weekly-contest-375,Weekly Contest 375,2023-12-10,4,count-tested-devices-after-test-operations,2960,Count Tested Devices After Test Operations,Easy,78.4
weekly-contest-375,Weekly Contest 375,2023-12-10,4,double-modular-exponentiation,2961,Double Modular Exponentiation,Medium,47.9
weekly-contest-375,Weekly Contest 375,2023-12-10,4,count-subarrays-where-max-element-appears-at-least-k-times,2962,Count Subarrays Where Max Element Appears at Least K Times,Medium,62.4
weekly-contest-375,Weekly Contest 375,2023-12-10,4,count-the-number-of-good-partitions,2963,Count the Number of Good Partitions,Hard,50.1
weekly-contest-376,Weekly Contest 376,2023-12-17,4,find-missing-and-repeated-values,2965,Find Missing and Repeated Values,Easy,83.1
weekly-contest-376,Weekly Contest 376,2023-12-17,4,divide-array-into-arrays-with-max-difference,2966,Divide Array Into Arrays With Max Difference,Medium,79.1
weekly-contest-376,Weekly Contest 376,2023-12-17,4,minimum-cost-to-make-array-equalindromic,2967,Minimum Cost to Make Array Equalindromic,Medium,23.7
weekly-contest-376,Weekly Contest 376,2023-12-17,4,apply-operations-to-maximize-frequency-score,2968,Apply Operations to Maximize Frequency Score,Hard,39.5
weekly-contest-377,Weekly Contest 377,2023-12-24,4,minimum-number-game,2974,Minimum Number Game,Easy,85.7
weekly-contest-377,Weekly Contest 377,2023-12-24,4,maximum-square-area-by-removing-fences-from-a-field,2975,Maximum Square Area by Removing Fences From a Field,Medium,49.6
weekly-contest-377,Weekly Contest 377,2023-12-24,4,minimum-cost-to-convert-string-i,2976,Minimum Cost to Convert String I,Medium,63.1
weekly-contest-377,Weekly Contest 377,2023-12-24,4,minimum-cost-to-convert-string-ii,2977,Minimum Cost to Convert String II,Hard,59.6
weekly-contest-378,Weekly Contest 378,2023-12-31,4,check-if-bitwise-or-has-trailing-zeros,2980,Check if Bitwise OR Has Trailing Zeros,Easy,71.6
weekly-contest-378,Weekly Contest 378,2023-12-31,4,find-longest-special-substring-that-occurs-thrice-i,2981,Find Longest Special Substring That Occurs Thrice I,Medium,61.8
weekly-contest-378,Weekly Contest 378,2023-12-31,4,find-longest-special-substring-that-occurs-thrice-ii,2982,Find Longest Special Substring That Occurs Thrice II,Medium,39.4
weekly-contest-378,Weekly Contest 378,2023-12-31,4,palindrome-rearrangement-queries,2983,Palindrome Rearrangement Queries,Hard,25.2
weekly-contest-379,Weekly Contest 379,2024-01-07,4,maximum-area-of-longest-diagonal-rectangle,3000,Maximum Area of Longest Diagonal Rectangle,Easy,45.9
weekly-contest-379,Weekly Contest 379,2024-01-07,4,minimum-moves-to-capture-the-queen,3001,Minimum Moves to Capture The Queen,Medium,22.6
weekly-contest-379,Weekly Contest 379,2024-01-07,4,maximum-size-of-a-set-after-removals,3002,Maximum Size of a Set After Removals,Medium,46.8
weekly-contest-379,Weekly Contest 379,2024-01-07,4,maximize-the-number-of-partitions-after-operations,3003,Maximize the Number of Partitions After Operations,Hard,53.3
weekly-contest-380,Weekly Contest 380,2024-01-14,4,count-elements-with-maximum-frequency,3005,Count Elements With Maximum Frequency,Easy,79.8
weekly-contest-380,Weekly Contest 380,2024-01-14,4,find-beautiful-indices-in-the-given-array-i,3006,Find Beautiful Indices in the Given Array I,Medium,41.1
weekly-contest-380,Weekly Contest 380,2024-01-14,4,maximum-number-that-sum-of-the-prices-is-less-than-or-equal-to-k,3007,Maximum Number That Sum of the Prices Is Less Than or Equal to K,Medium,39.1
weekly-contest-380,Weekly Contest 380,2024-01-14,4,find-beautiful-indices-in-the-given-array-ii,3008,Find Beautiful Indices in the Given Array II,Hard,28.2
weekly-contest-381,Weekly Contest 381,2024-01-21,4,minimum-number-of-pushes-to-type-word-i,3014,Minimum Number of Pushes to Type Word I,Easy,67.1
weekly-contest-381,Weekly Contest 381,2024-01-21,4,count-the-number-of-houses-at-a-certain-distance-i,3015,Count the Number of Houses at a Certain Distance I,Medium,58.2
weekly-contest-381,Weekly Contest 381,2024-01-21,4,minimum-number-of-pushes-to-type-word-ii,3016,Minimum Number of Pushes to Type Word II,Medium,80.0
weekly-contest-381,Weekly Contest 381,2024-01-21,4,count-the-number-of-houses-at-a-certain-distance-ii,3017,Count the Number of Houses at a Certain Distance II,Hard,23.9
weekly-contest-382,Weekly Contest 382,2024-01-28,4,number-of-changing-keys,3019,Number of Changing Keys,Easy,80.9
weekly-contest-382,Weekly Contest 382,2024-01-28,4,find-the-maximum-number-of-elements-in-subset,3020,Find the Maximum Number of Elements in Subset,Medium,42.3
weekly-contest-382,Weekly Contest 382,2024-01-28,4,alice-and-bob-playing-flower-game,3021,Alice and Bob Playing Flower Game,Medium,59.9
weekly-contest-382,Weekly Contest 382,2024-01-28,4,minimize-or-of-remaining-elements-using-operations,3022,Minimize OR of Remaining Elements Using Operations,Hard,30.9
weekly-contest-383,Weekly Contest 383,2024-02-04,4,ant-on-the-boundary,3028,Ant on the Boundary,Easy,74.7
weekly-contest-383,Weekly Contest 383,2024-02-04,4,minimum-time-to-revert-word-to-initial-state-i,3029,Minimum Time to Revert Word to Initial State I,Medium,42.8
weekly-contest-383,Weekly Contest 383,2024-02-04,4,find-the-grid-of-region-average,3030,Find the Grid of Region Average,Medium,43.9
weekly-contest-383,Weekly Contest 383,2024-02-04,4,minimum-time-to-revert-word-to-initial-state-ii,3031,Minimum Time to Revert Word to Initial State II,Hard,35.7
weekly-contest-384,Weekly Contest 384,2024-02-11,4,modify-the-matrix,3033,Modify the Matrix,Easy,68.9
weekly-contest-384,Weekly Contest 384,2024-02-11,4,number-of-subarrays-that-match-a-pattern-i,3034,Number of Subarrays That Match a Pattern I,Medium,68.8
weekly-contest-384,Weekly Contest 384,2024-02-11,4,maximum-palindromes-after-operations,3035,Maximum Palindromes After Operations,Medium,46.9
weekly-contest-384,Weekly Contest 384,2024-02-11,4,number-of-subarrays-that-match-a-pattern-ii,3036,Number of Subarrays That Match a Pattern II,Hard,34.2
weekly-contest-385,Weekly Contest 385,2024-02-18,4,count-prefix-and-suffix-pairs-i,3042,Count Prefix and Suffix Pairs I,Easy,77.8
weekly-contest-385,Weekly Contest 385,2024-02-18,4,find-the-length-of-the-longest-common-prefix,3043,Find the Length of the Longest Common Prefix,Medium,62.3
weekly-contest-385,Weekly Contest 385,2024-02-18,4,most-frequent-prime,3044,Most Frequent Prime,Medium,46.3
weekly-contest-385,Weekly Contest 385,2024-02-18,4,count-prefix-and-suffix-pairs-ii,3045,Count Prefix and Suffix Pairs II,Hard,28.7
weekly-contest-386,Weekly Contest 386,2024-02-25,4,split-the-array,3046,Split the Array,Easy,61.7
weekly-contest-386,Weekly Contest 386,2024-02-25,4,find-the-largest-area-of-square-inside-two-rectangles,3047,Find the Largest Area of Square Inside Two Rectangles,Medium,67.0
weekly-contest-386,Weekly Contest 386,2024-02-25,4,earliest-second-to-mark-indices-i,3048,Earliest Second to Mark Indices I,Medium,37.3
weekly-contest-386,Weekly Contest 386,2024-02-25,4,earliest-second-to-mark-indices-ii,3049,Earliest Second to Mark Indices II,Hard,22.2
weekly-contest-387,Weekly Contest 387,2024-03-03,4,distribute-elements-into-two-arrays-i,3069,Distribute Elements Into Two Arrays I,Easy,74.3
weekly-contest-387,Weekly Contest 387,2024-03-03,4,count-submatrices-with-top-left-element-and-sum-less-than-k,3070,Count Submatrices with Top-Left Element and Sum Less Than k,Medium,74.9
weekly-contest-387,Weekly Contest 387,2024-03-03,4,minimum-operations-to-write-the-letter-y-on-a-grid,3071,Minimum Operations to Write the Letter Y on a Grid,Medium,64.7
weekly-contest-387,Weekly Contest 387,2024-03-03,4,distribute-elements-into-two-arrays-ii,3072,Distribute Elements Into Two Arrays II,Hard,31.1
weekly-contest-388,Weekly Contest 388,2024-03-10,4,apple-redistribution-into-boxes,3074,Apple Redistribution into Boxes,Easy,78.6
weekly-contest-388,Weekly Contest 388,2024-03-10,4,maximize-happiness-of-selected-children,3075,Maximize Happiness of Selected Children,Medium,58.7
weekly-contest-388,Weekly Contest 388,2024-03-10,4,shortest-uncommon-substring-in-an-array,3076,Shortest Uncommon Substring in an Array,Medium,51.2
weekly-contest-388,Weekly Contest 388,2024-03-10,4,maximum-strength-of-k-disjoint-subarrays,3077,Maximum Strength of K Disjoint Subarrays,Hard,28.2
weekly-contest-389,Weekly Contest 389,2024-03-17,4,existence-of-a-substring-in-a-string-and-its-reverse,3083,Existence of a Substring in a String and Its Reverse,Easy,66.7
weekly-contest-389,Weekly Contest 389,2024-03-17,4,count-substrings-starting-and-ending-with-given-character,3084,Count Substrings Starting and Ending with Given Character,Medium,50.4
weekly-contest-389,Weekly Contest 389,2024-03-17,4,minimum-deletions-to-make-string-k-special,3085,Minimum Deletions to Make String K-Special,Medium,67.1
weekly-contest-389,Weekly Contest 389,2024-03-17,4,minimum-moves-to-pick-k-ones,3086,Minimum Moves to Pick K Ones,Hard,21.8
weekly-contest-390,Weekly Contest 390,2024-03-24,4,maximum-length-substring-with-two-occurrences,3090,Maximum Length Substring With Two Occurrences,Easy,65.9
weekly-contest-390,Weekly Contest 390,2024-03-24,4,apply-operations-to-make-sum-of-array-greater-than-or-equal-to-k,3091,Apply Operations to Make Sum of Array Greater Than or Equal to k,Medium,44.6
weekly-contest-390,Weekly Contest 390,2024-03-24,4,most-frequent-ids,3092,Most Frequent IDs,Medium,43.3
weekly-contest-390,Weekly Contest 390,2024-03-24,4,longest-common-suffix-queries,3093,Longest Common Suffix Queries,Hard,52.6
weekly-contest-391,Weekly Contest 391,2024-03-31,4,harshad-number,3099,Harshad Number,Easy,83.4
weekly-contest-391,Weekly Contest 391,2024-03-31,4,water-bottles-ii,3100,Water Bottles II,Medium,78.1
weekly-contest-391,Weekly Contest 391,2024-03-31,4,count-alternating-subarrays,3101,Count Alternating Subarrays,Medium,57.5
weekly-contest-391,Weekly Contest 391,2024-03-31,4,minimize-manhattan-distances,3102,Minimize Manhattan Distances,Hard,32.7
weekly-contest-392,Weekly Contest 392,2024-04-07,4,longest-strictly-increasing-or-strictly-decreasing-subarray,3105,Longest Strictly Increasing or Strictly Decreasing Subarray,Easy,64.9
weekly-contest-392,Weekly Contest 392,2024-04-07,4,lexicographically-smallest-string-after-operations-with-constraint,3106,Lexicographically Smallest String After Operations With Constraint,Medium,62.9
weekly-contest-392,Weekly Contest 392,2024-04-07,4,minimum-operations-to-make-median-of-array-equal-to-k,3107,Minimum Operations to Make Median of Array Equal to K,Medium,48.1
weekly-contest-392,Weekly Contest 392,2024-04-07,4,minimum-cost-walk-in-weighted-graph,3108,Minimum Cost Walk in Weighted Graph,Hard,68.2
weekly-contest-393,Weekly Contest 393,2024-04-14,4,latest-time-you-can-obtain-after-replacing-characters,3114,Latest Time You Can Obtain After Replacing Characters,Easy,35.5
weekly-contest-393,Weekly Contest 393,2024-04-14,4,maximum-prime-difference,3115,Maximum Prime Difference,Medium,59.4
weekly-contest-393,Weekly Contest 393,2024-04-14,4,kth-smallest-amount-with-single-denomination-combination,3116,Kth Smallest Amount With Single Denomination Combination,Hard,20.5
weekly-contest-393,Weekly Contest 393,2024-04-14,4,minimum-sum-of-values-by-dividing-array,3117,Minimum Sum of Values by Dividing Array,Hard,28.0
weekly-contest-394,Weekly Contest 394,2024-04-21,4,count-the-number-of-special-characters-i,3120,Count the Number of Special Characters I,Easy,77.3
weekly-contest-394,Weekly Contest 394,2024-04-21,4,count-the-number-of-special-characters-ii,3121,Count the Number of Special Characters II,Medium,60.5
weekly-contest-394,Weekly Contest 394,2024-04-21,4,minimum-number-of-operations-to-satisfy-conditions,3122,Minimum Number of Operations to Satisfy Conditions,Medium,42.4
weekly-contest-394,Weekly Contest 394,2024-04-21,4,find-edges-in-shortest-paths,3123,Find Edges in Shortest Paths,Hard,46.7
weekly-contest-395,Weekly Contest 395,2024-04-28,4,find-the-integer-added-to-array-i,3131,Find the Integer Added to Array I,Easy,83.1
weekly-contest-395,Weekly Contest 395,2024-04-28,4,find-the-integer-added-to-array-ii,3132,Find the Integer Added to Array II,Medium,33.2
weekly-contest-395,Weekly Contest 395,2024-04-28,4,minimum-array-end,3133,Minimum Array End,Medium,55.3
weekly-contest-395,Weekly Contest 395,2024-04-28,4,find-the-median-of-the-uniqueness-array,3134,Find the Median of the Uniqueness Array,Hard,30.5
weekly-contest-396,Weekly Contest 396,2024-05-05,4,valid-word,3136,Valid Word,Easy,50.9
weekly-contest-396,Weekly Contest 396,2024-05-05,4,minimum-number-of-operations-to-make-word-k-periodic,3137,Minimum Number of Operations to Make Word K-Periodic,Medium,60.9
weekly-contest-396,Weekly Contest 396,2024-05-05,4,minimum-length-of-anagram-concatenation,3138,Minimum Length of Anagram Concatenation,Medium,39.9
weekly-contest-396,Weekly Contest 396,2024-05-05,4,minimum-cost-to-equalize-array,3139,Minimum Cost to Equalize Array,Hard,19.1
weekly-contest-397,Weekly Contest 397,2024-05-12,4,permutation-difference-between-two-strings,3146,Permutation Difference between Two Strings,Easy,88.0
weekly-contest-397,Weekly Contest 397,2024-05-12,4,taking-maximum-energy-from-the-mystic-dungeon,3147,Taking Maximum Energy From the Mystic Dungeon,Medium,60.9
weekly-contest-397,Weekly Contest 397,2024-05-12,4,maximum-difference-score-in-a-grid,3148,Maximum Difference Score in a Grid,Medium,48.4
weekly-contest-397,Weekly Contest 397,2024-05-12,4,find-the-minimum-cost-array-permutation,3149,Find the Minimum Cost Array Permutation,Hard,26.2
weekly-contest-398,Weekly Contest 398,2024-05-19,4,special-array-i,3151,Special Array I,Easy,81.6
weekly-contest-398,Weekly Contest 398,2024-05-19,4,special-array-ii,3152,Special Array II,Medium,45.8
weekly-contest-398,Weekly Contest 398,2024-05-19,4,sum-of-digit-differences-of-all-pairs,3153,Sum of Digit Differences of All Pairs,Medium,43.3
weekly-contest-398,Weekly Contest 398,2024-05-19,4,find-number-of-ways-to-reach-the-k-th-stair,3154,Find Number of Ways to Reach the K-th Stair,Hard,38.1
weekly-contest-399,Weekly Contest 399,2024-05-26,4,find-the-number-of-good-pairs-i,3162,Find the Number of Good Pairs I,Easy,86.6
weekly-contest-399,Weekly Contest 399,2024-05-26,4,string-compression-iii,3163,String Compression III,Medium,67.1
weekly-contest-399,Weekly Contest 399,2024-05-26,4,find-the-number-of-good-pairs-ii,3164,Find the Number of Good Pairs II,Medium,26.8
weekly-contest-399,Weekly Contest 399,2024-05-26,4,maximum-sum-of-subsequence-with-non-adjacent-elements,3165,Maximum Sum of Subsequence With Non-adjacent Elements,Hard,15.7
weekly-contest-400,Weekly Contest 400,2024-06-02,4,minimum-number-of-chairs-in-a-waiting-room,3168,Minimum Number of Chairs in a Waiting Room,Easy,79.6
weekly-contest-400,Weekly Contest 400,2024-06-02,4,count-days-without-meetings,3169,Count Days Without Meetings,Medium,48.2
weekly-contest-400,Weekly Contest 400,2024-06-02,4,lexicographically-minimum-string-after-removing-stars,3170,Lexicographically Minimum String After Removing Stars,Medium,51.0
weekly-contest-400,Weekly Contest 400,2024-06-02,4,find-subarray-with-bitwise-or-closest-to-k,3171,Find Subarray With Bitwise OR Closest to K,Hard,31.4
weekly-contest-401,Weekly Contest 401,2024-06-09,4,find-the-child-who-has-the-ball-after-k-seconds,3178,Find the Child Who Has the Ball After K Seconds,Easy,62.2
weekly-contest-401,Weekly Contest 401,2024-06-09,4,find-the-n-th-value-after-k-seconds,3179,Find the N-th Value After K Seconds,Medium,54.1
weekly-contest-401,Weekly Contest 401,2024-06-09,4,maximum-total-reward-using-operations-i,3180,Maximum Total Reward Using Operations I,Medium,31.1
weekly-contest-401,Weekly Contest 401,2024-06-09,4,maximum-total-reward-using-operations-ii,3181,Maximum Total Reward Using Operations II,Hard,22.1
weekly-contest-402,Weekly Contest 402,2024-06-16,4,count-pairs-that-form-a-complete-day-i,3184,Count Pairs That Form a Complete Day I,Easy,78.3
weekly-contest-402,Weekly Contest 402,2024-06-16,4,count-pairs-that-form-a-complete-day-ii,3185,Count Pairs That Form a Complete Day II,Medium,43.9
weekly-contest-402,Weekly Contest 402,2024-06-16,4,maximum-total-damage-with-spell-casting,3186,Maximum Total Damage With Spell Casting,Medium,45.1
weekly-contest-402,Weekly Contest 402,2024-06-16,4,peaks-in-array,3187,Peaks in Array,Hard,27.9
weekly-contest-403,Weekly Contest 403,2024-06-23,4,minimum-average-of-smallest-and-largest-elements,3194,Minimum Average of Smallest and Largest Elements,Easy,85.5
weekly-contest-403,Weekly Contest 403,2024-06-23,4,find-the-minimum-area-to-cover-all-ones-i,3195,Find the Minimum Area to Cover All Ones I,Medium,78.2
weekly-contest-403,Weekly Contest 403,2024-06-23,4,maximize-total-cost-of-alternating-subarrays,3196,Maximize Total Cost of Alternating Subarrays,Medium,29.9
weekly-contest-403,Weekly Contest 403,2024-06-23,4,find-the-minimum-area-to-cover-all-ones-ii,3197,Find the Minimum Area to Cover All Ones II,Hard,63.5
weekly-contest-404,Weekly Contest 404,2024-06-30,4,maximum-height-of-a-triangle,3200,Maximum Height of a Triangle,Easy,44.7
weekly-contest-404,Weekly Contest 404,2024-06-30,4,find-the-maximum-length-of-valid-subsequence-i,3201,Find the Maximum Length of Valid Subsequence I,Medium,54.9
weekly-contest-404,Weekly Contest 404,2024-06-30,4,find-the-maximum-length-of-valid-subsequence-ii,3202,Find the Maximum Length of Valid Subsequence II,Medium,57.1
weekly-contest-404,Weekly Contest 404,2024-06-30,4,find-minimum-diameter-after-merging-two-trees,3203,Find Minimum Diameter After Merging Two Trees,Hard,57.0
weekly-contest-405,Weekly Contest 405,2024-07-07,4,find-the-encrypted-string,3210,Find the Encrypted String,Easy,68.4
weekly-contest-405,Weekly Contest 405,2024-07-07,4,generate-binary-strings-without-adjacent-zeros,3211,Generate Binary Strings Without Adjacent Zeros,Medium,88.6
weekly-contest-405,Weekly Contest 405,2024-07-07,4,count-submatrices-with-equal-frequency-of-x-and-y,3212,Count Submatrices With Equal Frequency of X and Y,Medium,69.7
weekly-contest-405,Weekly Contest 405,2024-07-07,4,construct-string-with-minimum-cost,3213,Construct String with Minimum Cost,Hard,19.0
weekly-contest-406,Weekly Contest 406,2024-07-14,4,lexicographically-smallest-string-after-a-swap,3216,Lexicographically Smallest String After a Swap,Easy,54.8
weekly-contest-406,Weekly Contest 406,2024-07-14,4,delete-nodes-from-linked-list-present-in-array,3217,Delete Nodes From Linked List Present in Array,Medium,69.4
weekly-contest-406,Weekly Contest 406,2024-07-14,4,minimum-cost-for-cutting-cake-i,3218,Minimum Cost for Cutting Cake I,Medium,58.2
weekly-contest-406,Weekly Contest 406,2024-07-14,4,minimum-cost-for-cutting-cake-ii,3219,Minimum Cost for Cutting Cake II,Hard,54.7
weekly-contest-407,Weekly Contest 407,2024-07-21,4,number-of-bit-changes-to-make-two-integers-equal,3226,Number of Bit Changes to Make Two Integers Equal,Easy,63.7
weekly-contest-407,Weekly Contest 407,2024-07-21,4,vowels-game-in-a-string,3227,Vowels Game in a String,Medium,77.1
weekly-contest-407,Weekly Contest 407,2024-07-21,4,maximum-number-of-operations-to-move-ones-to-the-end,3228,Maximum Number of Operations to Move Ones to the End,Medium,67.1
weekly-contest-407,Weekly Contest 407,2024-07-21,4,minimum-operations-to-make-array-equal-to-target,3229,Minimum Operations to Make Array Equal to Target,Hard,41.9
weekly-contest-408,Weekly Contest 408,2024-07-28,4,find-if-digit-game-can-be-won,3232,Find if Digit Game Can Be Won,Easy,81.7
weekly-contest-408,Weekly Contest 408,2024-07-28,4,find-the-count-of-numbers-which-are-not-special,3233,Find the Count of Numbers Which Are Not Special,Medium,28.3
weekly-contest-408,Weekly Contest 408,2024-07-28,4,count-the-number-of-substrings-with-dominant-ones,3234,Count the Number of Substrings With Dominant Ones,Medium,42.0
weekly-contest-408,Weekly Contest 408,2024-07-28,4,check-if-the-rectangle-corner-is-reachable,3235,Check if the Rectangle Corner Is Reachable,Hard,25.2
weekly-contest-409,Weekly Contest 409,2024-08-04,4,design-neighbor-sum-service,3242,Design Neighbor Sum Service,Easy,76.7
weekly-contest-409,Weekly Contest 409,2024-08-04,4,shortest-distance-after-road-addition-queries-i,3243,Shortest Distance After Road Addition Queries I,Medium,61.9
weekly-contest-409,Weekly Contest 409,2024-08-04,4,shortest-distance-after-road-addition-queries-ii,3244,Shortest Distance After Road Addition Queries II,Hard,27.0
weekly-contest-409,Weekly Contest 409,2024-08-04,4,alternating-groups-iii,3245,Alternating Groups III,Hard,19.5
weekly-contest-410,Weekly Contest 410,2024-08-11,4,snake-in-matrix,3248,Snake in Matrix,Easy,82.4
weekly-contest-410,Weekly Contest 410,2024-08-11,4,count-the-number-of-good-nodes,3249,Count the Number of Good Nodes,Medium,55.5
weekly-contest-410,Weekly Contest 410,2024-08-11,4,find-the-count-of-monotonic-pairs-i,3250,Find the Count of Monotonic Pairs I,Hard,47.7
weekly-contest-410,Weekly Contest 410,2024-08-11,4,find-the-count-of-monotonic-pairs-ii,3251,Find the Count of Monotonic Pairs II,Hard,25.0
weekly-contest-411,Weekly Contest 411,2024-08-18,4,count-substrings-that-satisfy-k-constraint-i,3258,Count Substrings That Satisfy K-Constraint I,Easy,79.3
weekly-contest-411,Weekly Contest 411,2024-08-18,4,maximum-energy-boost-from-two-drinks,3259,Maximum Energy Boost From Two Drinks,Medium,50.2
weekly-contest-411,Weekly Contest 411,2024-08-18,4,find-the-largest-palindrome-divisible-by-k,3260,Find the Largest Palindrome Divisible by K,Hard,17.3
weekly-contest-411,Weekly Contest 411,2024-08-18,4,count-substrings-that-satisfy-k-constraint-ii,3261,Count Substrings That Satisfy K-Constraint II,Hard,24.0
weekly-contest-412,Weekly Contest 412,2024-08-25,4,final-array-state-after-k-multiplication-operations-i,3264,Final Array State After K Multiplication Operations I,Easy,86.9
weekly-contest-412,Weekly Contest 412,2024-08-25,4,count-almost-equal-pairs-i,3265,Count Almost Equal Pairs I,Medium,38.5
weekly-contest-412,Weekly Contest 412,2024-08-25,4,final-array-state-after-k-multiplication-operations-ii,3266,Final Array State After K Multiplication Operations II,Hard,13.7
weekly-contest-412,Weekly Contest 412,2024-08-25,4,count-almost-equal-pairs-ii,3267,Count Almost Equal Pairs II,Hard,27.7
weekly-contest-413,Weekly Contest 413,2024-09-01,4,check-if-two-chessboard-squares-have-the-same-color,3274,Check if Two Chessboard Squares Have the Same Color,Easy,72.1
weekly-contest-413,Weekly Contest 413,2024-09-01,4,k-th-nearest-obstacle-queries,3275,K-th Nearest Obstacle Queries,Medium,49.3
weekly-contest-413,Weekly Contest 413,2024-09-01,4,select-cells-in-grid-with-maximum-score,3276,Select Cells in Grid With Maximum Score,Hard,16.0
weekly-contest-413,Weekly Contest 413,2024-09-01,4,maximum-xor-score-subarray-queries,3277,Maximum XOR Score Subarray Queries,Hard,44.6
weekly-contest-414,Weekly Contest 414,2024-09-08,4,convert-date-to-binary,3280,Convert Date to Binary,Easy,88.5
weekly-contest-414,Weekly Contest 414,2024-09-08,4,maximize-score-of-numbers-in-ranges,3281,Maximize Score of Numbers in Ranges,Medium,36.0
weekly-contest-414,Weekly Contest 414,2024-09-08,4,reach-end-of-array-with-max-score,3282,Reach End of Array With Max Score,Medium,33.9
weekly-contest-414,Weekly Contest 414,2024-09-08,4,maximum-number-of-moves-to-kill-all-pawns,3283,Maximum Number of Moves to Kill All Pawns,Hard,34.3
weekly-contest-415,Weekly Contest 415,2024-09-15,4,the-two-sneaky-numbers-of-digitville,3289,The Two Sneaky Numbers of Digitville,Easy,89.8
weekly-contest-415,Weekly Contest 415,2024-09-15,4,maximum-multiplication-score,3290,Maximum Multiplication Score,Medium,41.5
weekly-contest-415,Weekly Contest 415,2024-09-15,4,minimum-number-of-valid-strings-to-form-target-i,3291,Minimum Number of Valid Strings to Form Target I,Medium,22.2
weekly-contest-415,Weekly Contest 415,2024-09-15,4,minimum-number-of-valid-strings-to-form-target-ii,3292,Minimum Number of Valid Strings to Form Target II,Hard,21.0
weekly-contest-416,Weekly Contest 416,2024-09-22,4,report-spam-message,3295,Report Spam Message,Medium,48.6
weekly-contest-416,Weekly Contest 416,2024-09-22,4,minimum-number-of-seconds-to-make-mountain-height-zero,3296,Minimum Number of Seconds to Make Mountain Height Zero,Medium,58.4
weekly-contest-416,Weekly Contest 416,2024-09-22,4,count-substrings-that-can-be-rearranged-to-contain-a-string-i,3297,Count Substrings That Can Be Rearranged to Contain a String I,Medium,43.5
weekly-contest-416,Weekly Contest 416,2024-09-22,4,count-substrings-that-can-be-rearranged-to-contain-a-string-ii,3298,Count Substrings That Can Be Rearranged to Contain a String II,Hard,56.4
weekly-contest-417,Weekly Contest 417,2024-09-29,4,find-the-k-th-character-in-string-game-i,3304,Find the K-th Character in String Game I,Easy,81.6
weekly-contest-417,Weekly Contest 417,2024-09-29,4,count-of-substrings-containing-every-vowel-and-k-consonants-i,3305,Count of Substrings Containing Every Vowel and K Consonants I,Medium,42.2
weekly-contest-417,Weekly Contest 417,2024-09-29,4,count-of-substrings-containing-every-vowel-and-k-consonants-ii,3306,Count of Substrings Containing Every Vowel and K Consonants II,Medium,40.7
weekly-contest-417,Weekly Contest 417,2024-09-29,4,find-the-k-th-character-in-string-game-ii,3307,Find the K-th Character in String Game II,Hard,48.4
weekly-contest-418,Weekly Contest 418,2024-10-06,4,maximum-possible-number-by-binary-concatenation,3309,Maximum Possible Number by Binary Concatenation,Medium,65.7
weekly-contest-418,Weekly Contest 418,2024-10-06,4,remove-methods-from-project,3310,Remove Methods From Project,Medium,50.9
weekly-contest-418,Weekly Contest 418,2024-10-06,4,construct-2d-grid-matching-graph-layout,3311,Construct 2D Grid Matching Graph Layout,Hard,30.2
weekly-contest-418,Weekly Contest 418,2024-10-06,4,sorted-gcd-pair-queries,3312,Sorted GCD Pair Queries,Hard,58.4
weekly-contest-419,Weekly Contest 419,2024-10-13,4,find-x-sum-of-all-k-long-subarrays-i,3318,Find X-Sum of All K-Long Subarrays I,Easy,76.1
weekly-contest-419,Weekly Contest 419,2024-10-13,4,k-th-largest-perfect-subtree-size-in-binary-tree,3319,K-th Largest Perfect Subtree Size in Binary Tree,Medium,62.5
weekly-contest-419,Weekly Contest 419,2024-10-13,4,count-the-number-of-winning-sequences,3320,Count The Number of Winning Sequences,Hard,32.5
weekly-contest-419,Weekly Contest 419,2024-10-13,4,find-x-sum-of-all-k-long-subarrays-ii,3321,Find X-Sum of All K-Long Subarrays II,Hard,41.2
weekly-contest-420,Weekly Contest 420,2024-10-20,4,find-the-sequence-of-strings-appeared-on-the-screen,3324,Find the Sequence of Strings Appeared on the Screen,Medium,80.6
weekly-contest-420,Weekly Contest 420,2024-10-20,4,count-substrings-with-k-frequency-characters-i,3325,Count Substrings With K-Frequency Characters I,Medium,56.3
weekly-contest-420,Weekly Contest 420,2024-10-20,4,minimum-division-operations-to-make-array-non-decreasing,3326,Minimum Division Operations to Make Array Non Decreasing,Medium,29.4
weekly-contest-420,Weekly Contest 420,2024-10-20,4,check-if-dfs-strings-are-palindromes,3327,Check if DFS Strings Are Palindromes,Hard,21.0
weekly-contest-421,Weekly Contest 421,2024-10-27,4,find-the-maximum-factor-score-of-array,3334,Find the Maximum Factor Score of Array,Medium,41.4
weekly-contest-421,Weekly Contest 421,2024-10-27,4,total-characters-in-string-after-transformations-i,3335,Total Characters in String After Transformations I,Medium,45.6
weekly-contest-421,Weekly Contest 421,2024-10-27,4,find-the-number-of-subsequences-with-equal-gcd,3336,Find the Number of Subsequences With Equal GCD,Hard,66.6
weekly-contest-421,Weekly Contest 421,2024-10-27,4,total-characters-in-string-after-transformations-ii,3337,Total Characters in String After Transformations II,Hard,57.8
weekly-contest-422,Weekly Contest 422,2024-11-03,4,check-balanced-string,3340,Check Balanced String,Easy,83.0
weekly-contest-422,Weekly Contest 422,2024-11-03,4,find-minimum-time-to-reach-last-room-i,3341,Find Minimum Time to Reach Last Room I,Medium,55.5
weekly-contest-422,Weekly Contest 422,2024-11-03,4,find-minimum-time-to-reach-last-room-ii,3342,Find Minimum Time to Reach Last Room II,Medium,67.6
weekly-contest-422,Weekly Contest 422,2024-11-03,4,count-number-of-balanced-permutations,3343,Count Number of Balanced Permutations,Hard,49.0
weekly-contest-423,Weekly Contest 423,2024-11-10,4,adjacent-increasing-subarrays-detection-i,3349,Adjacent Increasing Subarrays Detection I,Easy,48.0
weekly-contest-423,Weekly Contest 423,2024-11-10,4,adjacent-increasing-subarrays-detection-ii,3350,Adjacent Increasing Subarrays Detection II,Medium,58.9
weekly-contest-423,Weekly Contest 423,2024-11-10,4,sum-of-good-subsequences,3351,Sum of Good Subsequences,Hard,31.3
weekly-contest-423,Weekly Contest 423,2024-11-10,4,count-k-reducible-numbers-less-than-n,3352,Count K-Reducible Numbers Less Than N,Hard,28.6
weekly-contest-424,Weekly Contest 424,2024-11-17,4,make-array-elements-equal-to-zero,3354,Make Array Elements Equal to Zero,Easy,68.3
weekly-contest-424,Weekly Contest 424,2024-11-17,4,zero-array-transformation-i,3355,Zero Array Transformation I,Medium,54.6
weekly-contest-424,Weekly Contest 424,2024-11-17,4,zero-array-transformation-ii,3356,Zero Array Transformation II,Medium,43.6
weekly-contest-424,Weekly Contest 424,2024-11-17,4,minimize-the-maximum-adjacent-element-difference,3357,Minimize the Maximum Adjacent Element Difference,Hard,20.0
weekly-contest-425,Weekly Contest 425,2024-11-24,4,minimum-positive-sum-subarray,3364,Minimum Positive Sum Subarray ,Easy,45.4
weekly-contest-425,Weekly Contest 425,2024-11-24,4,rearrange-k-substrings-to-form-target-string,3365,Rearrange K Substrings to Form Target String,Medium,57.0
weekly-contest-425,Weekly Contest 425,2024-11-24,4,minimum-array-sum,3366,Minimum Array Sum,Medium,31.9
weekly-contest-425,Weekly Contest 425,2024-11-24,4,maximize-sum-of-weights-after-edge-removals,3367,Maximize Sum of Weights after Edge Removals,Hard,31.9
weekly-contest-426,Weekly Contest 426,2024-12-01,4,smallest-number-with-all-set-bits,3370,Smallest Number With All Set Bits,Easy,80.3
weekly-contest-426,Weekly Contest 426,2024-12-01,4,identify-the-largest-outlier-in-an-array,3371,Identify the Largest Outlier in an Array,Medium,36.4
weekly-contest-426,Weekly Contest 426,2024-12-01,4,maximize-the-number-of-target-nodes-after-connecting-trees-i,3372,Maximize the Number of Target Nodes After Connecting Trees I,Medium,69.4
weekly-contest-426,Weekly Contest 426,2024-12-01,4,maximize-the-number-of-target-nodes-after-connecting-trees-ii,3373,Maximize the Number of Target Nodes After Connecting Trees II,Hard,73.1
weekly-contest-427,Weekly Contest 427,2024-12-08,4,transformed-array,3379,Transformed Array,Easy,70.6
weekly-contest-427,Weekly Contest 427,2024-12-08,4,maximum-area-rectangle-with-point-constraints-i,3380,Maximum Area Rectangle With Point Constraints I,Medium,52.3
weekly-contest-427,Weekly Contest 427,2024-12-08,4,maximum-subarray-sum-with-length-divisible-by-k,3381,Maximum Subarray Sum With Length Divisible by K,Medium,49.7
weekly-contest-427,Weekly Contest 427,2024-12-08,4,maximum-area-rectangle-with-point-constraints-ii,3382,Maximum Area Rectangle With Point Constraints II,Hard,24.5
weekly-contest-428,Weekly Contest 428,2024-12-15,4,button-with-longest-push-time,3386,Button with Longest Push Time,Easy,41.3
weekly-contest-428,Weekly Contest 428,2024-12-15,4,maximize-amount-after-two-days-of-conversions,3387,Maximize Amount After Two Days of Conversions,Medium,61.9
weekly-contest-428,Weekly Contest 428,2024-12-15,4,count-beautiful-splits-in-an-array,3388,Count Beautiful Splits in an Array,Medium,19.2
weekly-contest-428,Weekly Contest 428,2024-12-15,4,minimum-operations-to-make-character-frequencies-equal,3389,Minimum Operations to Make Character Frequencies Equal,Hard,26.7
weekly-contest-429,Weekly Contest 429,2024-12-22,4,minimum-number-of-operations-to-make-elements-in-array-distinct,3396,Minimum Number of Operations to Make Elements in Array Distinct,Easy,71.3
weekly-contest-429,Weekly Contest 429,2024-12-22,4,maximum-number-of-distinct-elements-after-operations,3397,Maximum Number of Distinct Elements After Operations,Medium,52.3
weekly-contest-429,Weekly Contest 429,2024-12-22,4,smallest-substring-with-identical-characters-i,3398,Smallest Substring With Identical Characters I,Hard,20.9
weekly-contest-429,Weekly Contest 429,2024-12-22,4,smallest-substring-with-identical-characters-ii,3399,Smallest Substring With Identical Characters II,Hard,40.5
weekly-contest-430,Weekly Contest 430,2024-12-29,4,minimum-operations-to-make-columns-strictly-increasing,3402,Minimum Operations to Make Columns Strictly Increasing,Easy,72.8
weekly-contest-430,Weekly Contest 430,2024-12-29,4,find-the-lexicographically-largest-string-from-the-box-i,3403,Find the Lexicographically Largest String From the Box I,Medium,40.9
weekly-contest-430,Weekly Contest 430,2024-12-29,4,count-special-subsequences,3404,Count Special Subsequences,Medium,30.2
weekly-contest-430,Weekly Contest 430,2024-12-29,4,count-the-number-of-arrays-with-k-matching-adjacent-elements,3405,Count the Number of Arrays with K Matching Adjacent Elements,Hard,58.2
weekly-contest-431,Weekly Contest 431,2025-01-05,4,maximum-subarray-with-equal-products,3411,Maximum Subarray With Equal Products,Easy,47.2
weekly-contest-431,Weekly Contest 431,2025-01-05,4,find-mirror-score-of-a-string,3412,Find Mirror Score of a String,Medium,36.1
weekly-contest-431,Weekly Contest 431,2025-01-05,4,maximum-coins-from-k-consecutive-bags,3413,Maximum Coins From K Consecutive Bags,Medium,26.3
weekly-contest-431,Weekly Contest 431,2025-01-05,4,maximum-score-of-non-overlapping-intervals,3414,Maximum Score of Non-overlapping Intervals,Hard,32.0
weekly-contest-432,Weekly Contest 432,2025-01-12,4,zigzag-grid-traversal-with-skip,3417,Zigzag Grid Traversal With Skip,Easy,65.6
weekly-contest-432,Weekly Contest 432,2025-01-12,4,maximum-amount-of-money-robot-can-earn,3418,Maximum Amount of Money Robot Can Earn,Medium,47.8
weekly-contest-432,Weekly Contest 432,2025-01-12,4,minimize-the-maximum-edge-weight-of-graph,3419,Minimize the Maximum Edge Weight of Graph,Medium,45.3
weekly-contest-432,Weekly Contest 432,2025-01-12,4,count-non-decreasing-subarrays-after-k-operations,3420,Count Non-Decreasing Subarrays After K Operations,Hard,25.1
weekly-contest-433,Weekly Contest 433,2025-01-19,4,sum-of-variable-length-subarrays,3427,Sum of Variable Length Subarrays,Easy,85.9
weekly-contest-433,Weekly Contest 433,2025-01-19,4,maximum-and-minimum-sums-of-at-most-size-k-subsequences,3428,Maximum and Minimum Sums of at Most Size K Subsequences,Medium,22.1
weekly-contest-433,Weekly Contest 433,2025-01-19,4,paint-house-iv,3429,Paint House IV,Medium,45.7
weekly-contest-433,Weekly Contest 433,2025-01-19,4,maximum-and-minimum-sums-of-at-most-size-k-subarrays,3430,Maximum and Minimum Sums of at Most Size K Subarrays,Hard,26.1
weekly-contest-434,Weekly Contest 434,2025-01-26,4,count-partitions-with-even-sum-difference,3432,Count Partitions with Even Sum Difference,Easy,85.3
weekly-contest-434,Weekly Contest 434,2025-01-26,4,count-mentions-per-user,3433,Count Mentions Per User,Medium,50.8
weekly-contest-434,Weekly Contest 434,2025-01-26,4,maximum-frequency-after-subarray-operation,3434,Maximum Frequency After Subarray Operation,Medium,31.5
weekly-contest-434,Weekly Contest 434,2025-01-26,4,frequencies-of-shortest-supersequences,3435,Frequencies of Shortest Supersequences,Hard,22.9
weekly-contest-435,Weekly Contest 435,2025-02-02,4,maximum-difference-between-even-and-odd-frequency-i,3442,Maximum Difference Between Even and Odd Frequency I,Easy,60.8
weekly-contest-435,Weekly Contest 435,2025-02-02,4,maximum-manhattan-distance-after-k-changes,3443,Maximum Manhattan Distance After K Changes,Medium,54.2
weekly-contest-435,Weekly Contest 435,2025-02-02,4,minimum-increments-for-target-multiples-in-an-array,3444,Minimum Increments for Target Multiples in an Array,Hard,28.1
weekly-contest-435,Weekly Contest 435,2025-02-02,4,maximum-difference-between-even-and-odd-frequency-ii,3445,Maximum Difference Between Even and Odd Frequency II,Hard,48.6
weekly-contest-436,Weekly Contest 436,2025-02-09,4,sort-matrix-by-diagonals,3446,Sort Matrix by Diagonals,Medium,84.7
weekly-contest-436,Weekly Contest 436,2025-02-09,4,assign-elements-to-groups-with-constraints,3447,Assign Elements to Groups with Constraints,Medium,27.2
weekly-contest-436,Weekly Contest 436,2025-02-09,4,count-substrings-divisible-by-last-digit,3448,Count Substrings Divisible By Last Digit,Hard,23.7
weekly-contest-436,Weekly Contest 436,2025-02-09,4,maximize-the-minimum-game-score,3449,Maximize the Minimum Game Score,Hard,26.7
weekly-contest-437,Weekly Contest 437,2025-02-16,4,find-special-substring-of-length-k,3456,Find Special Substring of Length K,Easy,35.3
weekly-contest-437,Weekly Contest 437,2025-02-16,4,eat-pizzas,3457,Eat Pizzas!,Medium,33.7
weekly-contest-437,Weekly Contest 437,2025-02-16,4,select-k-disjoint-special-substrings,3458,Select K Disjoint Special Substrings,Medium,19.5
weekly-contest-437,Weekly Contest 437,2025-02-16,4,length-of-longest-v-shaped-diagonal-segment,3459,Length of Longest V-Shaped Diagonal Segment,Hard,56.2
weekly-contest-438,Weekly Contest 438,2025-02-23,4,check-if-digits-are-equal-in-string-after-operations-i,3461,Check If Digits Are Equal in String After Operations I,Easy,82.6
weekly-contest-438,Weekly Contest 438,2025-02-23,4,maximum-sum-with-at-most-k-elements,3462,Maximum Sum With at Most K Elements,Medium,61.0
weekly-contest-438,Weekly Contest 438,2025-02-23,4,check-if-digits-are-equal-in-string-after-operations-ii,3463,Check If Digits Are Equal in String After Operations II,Hard,14.5
weekly-contest-438,Weekly Contest 438,2025-02-23,4,maximize-the-distance-between-points-on-a-square,3464,Maximize the Distance Between Points on a Square,Hard,51.1
weekly-contest-439,Weekly Contest 439,2025-03-02,4,find-the-largest-almost-missing-integer,3471,Find the Largest Almost Missing Integer,Easy,37.4
weekly-contest-439,Weekly Contest 439,2025-03-02,4,longest-palindromic-subsequence-after-at-most-k-operations,3472,Longest Palindromic Subsequence After at Most K Operations,Medium,38.0
weekly-contest-439,Weekly Contest 439,2025-03-02,4,sum-of-k-subarrays-with-length-at-least-m,3473,Sum of K Subarrays With Length at Least M,Medium,26.5
weekly-contest-439,Weekly Contest 439,2025-03-02,4,lexicographically-smallest-generated-string,3474,Lexicographically Smallest Generated String,Hard,53.6
weekly-contest-440,Weekly Contest 440,2025-03-09,4,fruits-into-baskets-ii,3477,Fruits Into Baskets II,Easy,70.3
weekly-contest-440,Weekly Contest 440,2025-03-09,4,choose-k-elements-with-maximum-sum,3478,Choose K Elements With Maximum Sum,Medium,34.3
weekly-contest-440,Weekly Contest 440,2025-03-09,4,fruits-into-baskets-iii,3479,Fruits Into Baskets III,Medium,39.4
weekly-contest-440,Weekly Contest 440,2025-03-09,4,maximize-subarrays-after-removing-one-conflicting-pair,3480,Maximize Subarrays After Removing One Conflicting Pair,Hard,64.5
weekly-contest-441,Weekly Contest 441,2025-03-16,4,maximum-unique-subarray-sum-after-deletion,3487,Maximum Unique Subarray Sum After Deletion,Easy,40.5
weekly-contest-441,Weekly Contest 441,2025-03-16,4,closest-equal-element-queries,3488,Closest Equal Element Queries,Medium,51.5
weekly-contest-441,Weekly Contest 441,2025-03-16,4,zero-array-transformation-iv,3489,Zero Array Transformation IV,Medium,31.6
weekly-contest-441,Weekly Contest 441,2025-03-16,4,count-beautiful-numbers,3490,Count Beautiful Numbers,Hard,24.5
weekly-contest-442,Weekly Contest 442,2025-03-23,4,maximum-containers-on-a-ship,3492,Maximum Containers on a Ship,Easy,75.5
weekly-contest-442,Weekly Contest 442,2025-03-23,4,properties-graph,3493,Properties Graph,Medium,49.2
weekly-contest-442,Weekly Contest 442,2025-03-23,4,find-the-minimum-amount-of-time-to-brew-potions,3494,Find the Minimum Amount of Time to Brew Potions,Medium,62.7
weekly-contest-442,Weekly Contest 442,2025-03-23,4,minimum-operations-to-make-array-elements-zero,3495,Minimum Operations to Make Array Elements Zero,Hard,60.3
weekly-contest-443,Weekly Contest 443,2025-03-30,4,minimum-cost-to-reach-every-position,3502,Minimum Cost to Reach Every Position,Easy,83.6
weekly-contest-443,Weekly Contest 443,2025-03-30,4,longest-palindrome-after-substring-concatenation-i,3503,Longest Palindrome After Substring Concatenation I,Medium,44.0
weekly-contest-443,Weekly Contest 443,2025-03-30,4,longest-palindrome-after-substring-concatenation-ii,3504,Longest Palindrome After Substring Concatenation II,Hard,18.3
weekly-contest-443,Weekly Contest 443,2025-03-30,4,minimum-operations-to-make-elements-within-k-subarrays-equal,3505,Minimum Operations to Make Elements Within K Subarrays Equal,Hard,28.9
weekly-contest-444,Weekly Contest 444,2025-04-06,4,minimum-pair-removal-to-sort-array-i,3507,Minimum Pair Removal to Sort Array I,Easy,65.2
weekly-contest-444,Weekly Contest 444,2025-04-06,4,implement-router,3508,Implement Router,Medium,39.0
weekly-contest-444,Weekly Contest 444,2025-04-06,4,maximum-product-of-subsequences-with-an-alternating-sum-equal-to-k,3509,Maximum Product of Subsequences With an Alternating Sum Equal to K,Hard,13.7
weekly-contest-444,Weekly Contest 444,2025-04-06,4,minimum-pair-removal-to-sort-array-ii,3510,Minimum Pair Removal to Sort Array II,Hard,38.9
weekly-contest-445,Weekly Contest 445,2025-04-13,4,find-closest-person,3516,Find Closest Person,Easy,89.0
weekly-contest-445,Weekly Contest 445,2025-04-13,4,smallest-palindromic-rearrangement-i,3517,Smallest Palindromic Rearrangement I,Medium,70.2
weekly-contest-445,Weekly Contest 445,2025-04-13,4,smallest-palindromic-rearrangement-ii,3518,Smallest Palindromic Rearrangement II,Hard,15.1
weekly-contest-445,Weekly Contest 445,2025-04-13,4,count-numbers-with-non-decreasing-digits,3519,Count Numbers with Non-Decreasing Digits ,Hard,39.0
weekly-contest-446,Weekly Contest 446,2025-04-20,4,calculate-score-after-performing-instructions,3522,Calculate Score After Performing Instructions,Medium,57.3
weekly-contest-446,Weekly Contest 446,2025-04-20,4,make-array-non-decreasing,3523,Make Array Non-decreasing,Medium,57.6
weekly-contest-446,Weekly Contest 446,2025-04-20,4,find-x-value-of-array-i,3524,Find X Value of Array I,Medium,37.8
weekly-contest-446,Weekly Contest 446,2025-04-20,4,find-x-value-of-array-ii,3525,Find X Value of Array II,Hard,31.7
weekly-contest-447,Weekly Contest 447,2025-04-27,4,count-covered-buildings,3531,Count Covered Buildings,Medium,58.9
weekly-contest-447,Weekly Contest 447,2025-04-27,4,path-existence-queries-in-a-graph-i,3532,Path Existence Queries in a Graph I,Medium,70.5
weekly-contest-447,Weekly Contest 447,2025-04-27,4,concatenated-divisibility,3533,Concatenated Divisibility,Hard,31.3
weekly-contest-447,Weekly Contest 447,2025-04-27,4,path-existence-queries-in-a-graph-ii,3534,Path Existence Queries in a Graph II,Hard,64.2
weekly-contest-448,Weekly Contest 448,2025-05-04,4,maximum-product-of-two-digits,3536,Maximum Product of Two Digits,Easy,75.8
weekly-contest-448,Weekly Contest 448,2025-05-04,4,fill-a-special-grid,3537,Fill a Special Grid,Medium,70.9
weekly-contest-448,Weekly Contest 448,2025-05-04,4,merge-operations-for-minimum-travel-time,3538,Merge Operations for Minimum Travel Time,Hard,31.6
weekly-contest-448,Weekly Contest 448,2025-05-04,4,find-sum-of-array-product-of-magical-sequences,3539,Find Sum of Array Product of Magical Sequences,Hard,61.4
weekly-contest-449,Weekly Contest 449,2025-05-11,4,minimum-deletions-for-at-most-k-distinct-characters,3545,Minimum Deletions for At Most K Distinct Characters,Easy,73.3
weekly-contest-449,Weekly Contest 449,2025-05-11,4,equal-sum-grid-partition-i,3546,Equal Sum Grid Partition I,Medium,52.9
weekly-contest-449,Weekly Contest 449,2025-05-11,4,maximum-sum-of-edge-values-in-a-graph,3547,Maximum Sum of Edge Values in a Graph,Hard,37.1
weekly-contest-449,Weekly Contest 449,2025-05-11,4,equal-sum-grid-partition-ii,3548,Equal Sum Grid Partition II,Hard,39.5
weekly-contest-450,Weekly Contest 450,2025-05-18,4,smallest-index-with-digit-sum-equal-to-index,3550,Smallest Index With Digit Sum Equal to Index,Easy,80.4
weekly-contest-450,Weekly Contest 450,2025-05-18,4,minimum-swaps-to-sort-by-digit-sum,3551,Minimum Swaps to Sort by Digit Sum,Medium,50.7
weekly-contest-450,Weekly Contest 450,2025-05-18,4,grid-teleportation-traversal,3552,Grid Teleportation Traversal,Medium,24.0
weekly-contest-450,Weekly Contest 450,2025-05-18,4,minimum-weighted-subgraph-with-the-required-paths-ii,3553,Minimum Weighted Subgraph With the Required Paths II,Hard,50.7
weekly-contest-451,Weekly Contest 451,2025-05-25,4,find-minimum-log-transportation-cost,3560,Find Minimum Log Transportation Cost,Easy,42.6
weekly-contest-451,Weekly Contest 451,2025-05-25,4,resulting-string-after-adjacent-removals,3561,Resulting String After Adjacent Removals,Medium,57.2
weekly-contest-451,Weekly Contest 451,2025-05-25,4,maximum-profit-from-trading-stocks-with-discounts,3562,Maximum Profit from Trading Stocks with Discounts,Hard,56.5
weekly-contest-451,Weekly Contest 451,2025-05-25,4,lexicographically-smallest-string-after-adjacent-removals,3563,Lexicographically Smallest String After Adjacent Removals,Hard,17.9
contest-focus-mode,Contest Focus Mode,2025-05-28,4,two-sum,1,Two Sum,Easy,57.9
contest-focus-mode,Contest Focus Mode,2025-05-28,4,median-of-two-sorted-arrays,4,Median of Two Sorted Arrays,Hard,47.2
contest-focus-mode,Contest Focus Mode,2025-05-28,4,longest-substring-without-repeating-characters,3,Longest Substring Without Repeating Characters,Medium,39.6
contest-focus-mode,Contest Focus Mode,2025-05-28,4,add-two-numbers,2,Add Two Numbers,Medium,49.0
weekly-contest-452,Weekly Contest 452,2025-06-01,4,partition-array-into-two-equal-product-subsets,3566,Partition Array into Two Equal Product Subsets,Medium,35.3
weekly-contest-452,Weekly Contest 452,2025-06-01,4,minimum-absolute-difference-in-sliding-submatrix,3567,Minimum Absolute Difference in Sliding Submatrix,Medium,78.8
weekly-contest-452,Weekly Contest 452,2025-06-01,4,minimum-moves-to-clean-the-classroom,3568,Minimum Moves to Clean the Classroom,Medium,27.0
weekly-contest-452,Weekly Contest 452,2025-06-01,4,maximize-count-of-distinct-primes-after-split,3569,Maximize Count of Distinct Primes After Split,Hard,19.2
weekly-contest-453,Weekly Contest 453,2025-06-08,4,transform-array-to-all-equal-elements,3576,Transform Array to All Equal Elements,Medium,33.5
weekly-contest-453,Weekly Contest 453,2025-06-08,4,count-the-number-of-computer-unlocking-permutations,3577,Count the Number of Computer Unlocking Permutations,Medium,58.9
weekly-contest-453,Weekly Contest 453,2025-06-08,4,count-partitions-with-max-min-difference-at-most-k,3578,Count Partitions With Max-Min Difference at Most K,Medium,58.4
weekly-contest-453,Weekly Contest 453,2025-06-08,4,minimum-steps-to-convert-string-with-operations,3579,Minimum Steps to Convert String with Operations,Hard,44.3
weekly-contest-454,Weekly Contest 454,2025-06-15,4,generate-tag-for-video-caption,3582,Generate Tag for Video Caption,Easy,32.6
weekly-contest-454,Weekly Contest 454,2025-06-15,4,count-special-triplets,3583,Count Special Triplets,Medium,47.1
weekly-contest-454,Weekly Contest 454,2025-06-15,4,maximum-product-of-first-and-last-elements-of-a-subsequence,3584,Maximum Product of First and Last Elements of a Subsequence,Medium,31.8
weekly-contest-454,Weekly Contest 454,2025-06-15,4,find-weighted-median-node-in-tree,3585,Find Weighted Median Node in Tree,Hard,26.3
weekly-contest-455,Weekly Contest 455,2025-06-22,4,check-if-any-element-has-prime-frequency,3591,Check if Any Element Has Prime Frequency,Easy,62.6
weekly-contest-455,Weekly Contest 455,2025-06-22,4,inverse-coin-change,3592,Inverse Coin Change,Medium,52.6
weekly-contest-455,Weekly Contest 455,2025-06-22,4,minimum-increments-to-equalize-leaf-paths,3593,Minimum Increments to Equalize Leaf Paths,Medium,41.4
weekly-contest-455,Weekly Contest 455,2025-06-22,4,minimum-time-to-transport-all-individuals,3594,Minimum Time to Transport All Individuals,Hard,28.9
weekly-contest-456,Weekly Contest 456,2025-06-29,4,partition-string,3597,Partition String ,Medium,59.4
weekly-contest-456,Weekly Contest 456,2025-06-29,4,longest-common-prefix-between-adjacent-strings-after-removals,3598,Longest Common Prefix Between Adjacent Strings After Removals,Medium,32.7
weekly-contest-456,Weekly Contest 456,2025-06-29,4,partition-array-to-minimize-xor,3599,Partition Array to Minimize XOR,Medium,41.7
weekly-contest-456,Weekly Contest 456,2025-06-29,4,maximize-spanning-tree-stability-with-upgrades,3600,Maximize Spanning Tree Stability with Upgrades,Hard,66.1
weekly-contest-457,Weekly Contest 457,2025-07-06,4,coupon-code-validator,3606,Coupon Code Validator,Easy,64.7
weekly-contest-457,Weekly Contest 457,2025-07-06,4,power-grid-maintenance,3607,Power Grid Maintenance,Medium,56.2
weekly-contest-457,Weekly Contest 457,2025-07-06,4,minimum-time-for-k-connected-components,3608,Minimum Time for K Connected Components,Medium,45.7
weekly-contest-457,Weekly Contest 457,2025-07-06,4,minimum-moves-to-reach-target-in-grid,3609,Minimum Moves to Reach Target in Grid,Hard,15.4
weekly-contest-458,Weekly Contest 458,2025-07-13,4,process-string-with-special-operations-i,3612,Process String with Special Operations I,Medium,71.5
weekly-contest-458,Weekly Contest 458,2025-07-13,4,minimize-maximum-component-cost,3613,Minimize Maximum Component Cost,Medium,43.8
weekly-contest-458,Weekly Contest 458,2025-07-13,4,process-string-with-special-operations-ii,3614,Process String with Special Operations II,Hard,39.8
weekly-contest-458,Weekly Contest 458,2025-07-13,4,longest-palindromic-path-in-graph,3615,Longest Palindromic Path in Graph,Hard,22.6
weekly-contest-459,Weekly Contest 459,2025-07-20,4,check-divisibility-by-digit-sum-and-product,3622,Check Divisibility by Digit Sum and Product,Easy,69.7
weekly-contest-459,Weekly Contest 459,2025-07-20,4,count-number-of-trapezoids-i,3623,Count Number of Trapezoids I,Medium,48.2
weekly-contest-459,Weekly Contest 459,2025-07-20,4,number-of-integers-with-popcount-depth-equal-to-k-ii,3624,Number of Integers With Popcount-Depth Equal to K II,Hard,59.5
weekly-contest-459,Weekly Contest 459,2025-07-20,4,count-number-of-trapezoids-ii,3625,Count Number of Trapezoids II,Hard,39.9
weekly-contest-460,Weekly Contest 460,2025-07-27,4,maximum-median-sum-of-subsequences-of-size-3,3627,Maximum Median Sum of Subsequences of Size 3,Medium,65.1
weekly-contest-460,Weekly Contest 460,2025-07-27,4,maximum-number-of-subsequences-after-one-inserting,3628,Maximum Number of Subsequences After One Inserting,Medium,32.2
weekly-contest-460,Weekly Contest 460,2025-07-27,4,minimum-jumps-to-reach-end-via-prime-teleportation,3629,Minimum Jumps to Reach End via Prime Teleportation,Medium,44.6
weekly-contest-460,Weekly Contest 460,2025-07-27,4,partition-array-for-maximum-xor-and-and,3630,Partition Array for Maximum XOR and AND,Hard,17.9
weekly-contest-461,Weekly Contest 461,2025-08-03,4,trionic-array-i,3637,Trionic Array I,Easy,49.5
weekly-contest-461,Weekly Contest 461,2025-08-03,4,maximum-balanced-shipments,3638,Maximum Balanced Shipments,Medium,61.6
weekly-contest-461,Weekly Contest 461,2025-08-03,4,minimum-time-to-activate-string,3639,Minimum Time to Activate String,Medium,49.3
weekly-contest-461,Weekly Contest 461,2025-08-03,4,trionic-array-ii,3640,Trionic Array II,Hard,47.3
weekly-contest-462,Weekly Contest 462,2025-08-10,4,flip-square-submatrix-vertically,3643,Flip Square Submatrix Vertically,Easy,79.4
weekly-contest-462,Weekly Contest 462,2025-08-10,4,maximum-k-to-sort-a-permutation,3644,Maximum K to Sort a Permutation,Medium,37.6
weekly-contest-462,Weekly Contest 462,2025-08-10,4,maximum-total-from-optimal-activation-order,3645,Maximum Total from Optimal Activation Order,Medium,33.5
weekly-contest-462,Weekly Contest 462,2025-08-10,4,next-special-palindrome-number,3646,Next Special Palindrome Number,Hard,28.3
weekly-contest-463,Weekly Contest 463,2025-08-17,4,best-time-to-buy-and-sell-stock-using-strategy,3652,Best Time to Buy and Sell Stock using Strategy,Medium,59.7
weekly-contest-463,Weekly Contest 463,2025-08-17,4,xor-after-range-multiplication-queries-i,3653,XOR After Range Multiplication Queries I,Medium,73.3
weekly-contest-463,Weekly Contest 463,2025-08-17,4,minimum-sum-after-divisible-sum-deletions,3654,Minimum Sum After Divisible Sum Deletions,Medium,46.5
weekly-contest-463,Weekly Contest 463,2025-08-17,4,xor-after-range-multiplication-queries-ii,3655,XOR After Range Multiplication Queries II,Hard,47.7
weekly-contest-464,Weekly Contest 464,2025-08-24,4,gcd-of-odd-and-even-sums,3658,GCD of Odd and Even Sums,Easy,89.8
weekly-contest-464,Weekly Contest 464,2025-08-24,4,partition-array-into-k-distinct-groups,3659,Partition Array Into K-Distinct Groups,Medium,47.2
weekly-contest-464,Weekly Contest 464,2025-08-24,4,jump-game-ix,3660,Jump Game IX,Medium,46.3
weekly-contest-464,Weekly Contest 464,2025-08-24,4,maximum-walls-destroyed-by-robots,3661,Maximum Walls Destroyed by Robots,Hard,48.0
weekly-contest-465,Weekly Contest 465,2025-08-31,4,restore-finishing-order,3668,Restore Finishing Order,Easy,91.4
weekly-contest-465,Weekly Contest 465,2025-08-31,4,balanced-k-factor-decomposition,3669,Balanced K-Factor Decomposition,Medium,40.4
weekly-contest-465,Weekly Contest 465,2025-08-31,4,maximum-product-of-two-integers-with-no-common-bits,3670,Maximum Product of Two Integers With No Common Bits,Medium,15.4
weekly-contest-465,Weekly Contest 465,2025-08-31,4,sum-of-beautiful-subsequences,3671,Sum of Beautiful Subsequences,Hard,31.6
weekly-contest-466,Weekly Contest 466,2025-09-07,4,minimum-operations-to-equalize-array,3674,Minimum Operations to Equalize Array,Easy,60.8
weekly-contest-466,Weekly Contest 466,2025-09-07,4,minimum-operations-to-transform-string,3675,Minimum Operations to Transform String,Medium,62.1
weekly-contest-466,Weekly Contest 466,2025-09-07,4,count-bowl-subarrays,3676,Count Bowl Subarrays,Medium,48.6
weekly-contest-466,Weekly Contest 466,2025-09-07,4,count-binary-palindromic-numbers,3677,Count Binary Palindromic Numbers,Hard,33.8
weekly-contest-467,Weekly Contest 467,2025-09-14,4,earliest-time-to-finish-one-task,3683,Earliest Time to Finish One Task,Easy,84.9
weekly-contest-467,Weekly Contest 467,2025-09-14,4,maximize-sum-of-at-most-k-distinct-elements,3684,Maximize Sum of At Most K Distinct Elements,Easy,77.2
weekly-contest-467,Weekly Contest 467,2025-09-14,4,subsequence-sum-after-capping-elements,3685,Subsequence Sum After Capping Elements,Medium,25.5
weekly-contest-467,Weekly Contest 467,2025-09-14,4,number-of-stable-subsequences,3686,Number of Stable Subsequences,Hard,60.2
weekly-contest-468,Weekly Contest 468,2025-09-21,4,bitwise-or-of-even-numbers-in-an-array,3688,Bitwise OR of Even Numbers in an Array,Easy,85.3
weekly-contest-468,Weekly Contest 468,2025-09-21,4,maximum-total-subarray-value-i,3689,Maximum Total Subarray Value I,Medium,71.9
weekly-contest-468,Weekly Contest 468,2025-09-21,4,split-and-merge-array-transformation,3690,Split and Merge Array Transformation,Medium,58.5
weekly-contest-468,Weekly Contest 468,2025-09-21,4,maximum-total-subarray-value-ii,3691,Maximum Total Subarray Value II,Hard,41.7
weekly-contest-469,Weekly Contest 469,2025-09-28,4,compute-decimal-representation,3697,Compute Decimal Representation,Easy,64.9
weekly-contest-469,Weekly Contest 469,2025-09-28,4,split-array-with-minimum-difference,3698,Split Array With Minimum Difference,Medium,33.6
weekly-contest-469,Weekly Contest 469,2025-09-28,4,number-of-zigzag-arrays-i,3699,Number of ZigZag Arrays I,Hard,50.4
weekly-contest-469,Weekly Contest 469,2025-09-28,4,number-of-zigzag-arrays-ii,3700,Number of ZigZag Arrays II,Hard,67.6
weekly-contest-470,Weekly Contest 470,2025-10-05,4,compute-alternating-sum,3701,Compute Alternating Sum,Easy,90.2
weekly-contest-470,Weekly Contest 470,2025-10-05,4,longest-subsequence-with-non-zero-bitwise-xor,3702,Longest Subsequence With Non-Zero Bitwise XOR,Medium,37.6
weekly-contest-470,Weekly Contest 470,2025-10-05,4,remove-k-balanced-substrings,3703,Remove K-Balanced Substrings,Medium,33.0
weekly-contest-470,Weekly Contest 470,2025-10-05,4,count-no-zero-pairs-that-sum-to-n,3704,Count No-Zero Pairs That Sum to N,Hard,15.2
weekly-contest-471,Weekly Contest 471,2025-10-12,4,sum-of-elements-with-frequency-divisible-by-k,3712,Sum of Elements With Frequency Divisible by K,Easy,78.3
weekly-contest-471,Weekly Contest 471,2025-10-12,4,longest-balanced-substring-i,3713,Longest Balanced Substring I,Medium,69.7
weekly-contest-471,Weekly Contest 471,2025-10-12,4,longest-balanced-substring-ii,3714,Longest Balanced Substring II,Medium,41.9
weekly-contest-471,Weekly Contest 471,2025-10-12,4,sum-of-perfect-square-ancestors,3715,Sum of Perfect Square Ancestors,Hard,42.8
weekly-contest-472,Weekly Contest 472,2025-10-19,4,smallest-missing-multiple-of-k,3718,Smallest Missing Multiple of K,Easy,63.4
weekly-contest-472,Weekly Contest 472,2025-10-19,4,longest-balanced-subarray-i,3719,Longest Balanced Subarray I,Medium,65.7
weekly-contest-472,Weekly Contest 472,2025-10-19,4,lexicographically-smallest-permutation-greater-than-target,3720,Lexicographically Smallest Permutation Greater Than Target,Medium,26.9
weekly-contest-472,Weekly Contest 472,2025-10-19,4,longest-balanced-subarray-ii,3721,Longest Balanced Subarray II,Hard,33.8
weekly-contest-473,Weekly Contest 473,2025-10-26,4,remove-zeros-in-decimal-representation,3726,Remove Zeros in Decimal Representation,Easy,76.6
weekly-contest-473,Weekly Contest 473,2025-10-26,4,maximum-alternating-sum-of-squares,3727,Maximum Alternating Sum of Squares,Medium,61.8
weekly-contest-473,Weekly Contest 473,2025-10-26,4,stable-subarrays-with-equal-boundary-and-interior-sum,3728,Stable Subarrays With Equal Boundary and Interior Sum,Medium,26.6
weekly-contest-473,Weekly Contest 473,2025-10-26,4,count-distinct-subarrays-divisible-by-k-in-sorted-array,3729,Count Distinct Subarrays Divisible by K in Sorted Array,Hard,28.2
weekly-contest-474,Weekly Contest 474,2025-11-02,4,find-missing-elements,3731,Find Missing Elements,Easy,83.4
weekly-contest-474,Weekly Contest 474,2025-11-02,4,maximum-product-of-three-elements-after-one-replacement,3732,Maximum Product of Three Elements After One Replacement,Medium,48.1
weekly-contest-474,Weekly Contest 474,2025-11-02,4,minimum-time-to-complete-all-deliveries,3733,Minimum Time to Complete All Deliveries,Medium,35.6
weekly-contest-474,Weekly Contest 474,2025-11-02,4,lexicographically-smallest-palindromic-permutation-greater-than-target,3734,Lexicographically Smallest Palindromic Permutation Greater Than Target,Hard,25.6
weekly-contest-475,Weekly Contest 475,2025-11-09,4,minimum-distance-between-three-equal-elements-i,3740,Minimum Distance Between Three Equal Elements I,Easy,73.4
weekly-contest-475,Weekly Contest 475,2025-11-09,4,minimum-distance-between-three-equal-elements-ii,3741,Minimum Distance Between Three Equal Elements II,Medium,74.7
weekly-contest-475,Weekly Contest 475,2025-11-09,4,maximum-path-score-in-a-grid,3742,Maximum Path Score in a Grid,Medium,53.5
weekly-contest-475,Weekly Contest 475,2025-11-09,4,maximize-cyclic-partition-score,3743,Maximize Cyclic Partition Score,Hard,14.3
weekly-contest-476,Weekly Contest 476,2025-11-16,4,maximize-expression-of-three-elements,3745,Maximize Expression of Three Elements,Easy,73.0
weekly-contest-476,Weekly Contest 476,2025-11-16,4,minimum-string-length-after-balanced-removals,3746,Minimum String Length After Balanced Removals,Medium,78.5
weekly-contest-476,Weekly Contest 476,2025-11-16,4,count-distinct-integers-after-removing-zeros,3747,Count Distinct Integers After Removing Zeros,Medium,23.1
weekly-contest-476,Weekly Contest 476,2025-11-16,4,count-stable-subarrays,3748,Count Stable Subarrays,Hard,33.0
weekly-contest-477,Weekly Contest 477,2025-11-23,4,concatenate-non-zero-digits-and-multiply-by-sum-i,3754,Concatenate Non-Zero Digits and Multiply by Sum I,Easy,66.2
weekly-contest-477,Weekly Contest 477,2025-11-23,4,find-maximum-balanced-xor-subarray-length,3755,Find Maximum Balanced XOR Subarray Length,Medium,51.3
weekly-contest-477,Weekly Contest 477,2025-11-23,4,concatenate-non-zero-digits-and-multiply-by-sum-ii,3756,Concatenate Non-Zero Digits and Multiply by Sum II,Medium,42.7
weekly-contest-477,Weekly Contest 477,2025-11-23,4,number-of-effective-subsequences,3757,Number of Effective Subsequences,Hard,32.9
weekly-contest-478,Weekly Contest 478,2025-11-30,4,count-elements-with-at-least-k-greater-values,3759,Count Elements With at Least K Greater Values,Medium,31.9
weekly-contest-478,Weekly Contest 478,2025-11-30,4,maximum-substrings-with-distinct-start,3760,Maximum Substrings With Distinct Start,Medium,91.5
weekly-contest-478,Weekly Contest 478,2025-11-30,4,minimum-absolute-distance-between-mirror-pairs,3761,Minimum Absolute Distance Between Mirror Pairs,Medium,59.2
weekly-contest-478,Weekly Contest 478,2025-11-30,4,minimum-operations-to-equalize-subarrays,3762,Minimum Operations to Equalize Subarrays,Hard,20.9
weekly-contest-479,Weekly Contest 479,2025-12-07,4,sort-integers-by-binary-reflection,3769,Sort Integers by Binary Reflection,Easy,61.2
weekly-contest-479,Weekly Contest 479,2025-12-07,4,largest-prime-from-consecutive-prime-sum,3770,Largest Prime from Consecutive Prime Sum,Medium,39.3
weekly-contest-479,Weekly Contest 479,2025-12-07,4,total-score-of-dungeon-runs,3771,Total Score of Dungeon Runs,Medium,31.2
weekly-contest-479,Weekly Contest 479,2025-12-07,4,maximum-subgraph-score-in-a-tree,3772,Maximum Subgraph Score in a Tree,Hard,70.9
weekly-contest-480,Weekly Contest 480,2025-12-14,4,absolute-difference-between-maximum-and-minimum-k-elements,3774,Absolute Difference Between Maximum and Minimum K Elements,Easy,75.7
weekly-contest-480,Weekly Contest 480,2025-12-14,4,reverse-words-with-same-vowel-count,3775,Reverse Words With Same Vowel Count,Medium,67.1
weekly-contest-480,Weekly Contest 480,2025-12-14,4,minimum-moves-to-balance-circular-array,3776,Minimum Moves to Balance Circular Array,Medium,40.5
weekly-contest-480,Weekly Contest 480,2025-12-14,4,minimum-deletions-to-make-alternating-substring,3777,Minimum Deletions to Make Alternating Substring,Hard,45.6
weekly-contest-481,Weekly Contest 481,2025-12-21,4,mirror-distance-of-an-integer,3783,Mirror Distance of an Integer,Easy,91.5
weekly-contest-481,Weekly Contest 481,2025-12-21,4,minimum-deletion-cost-to-make-all-characters-equal,3784,Minimum Deletion Cost to Make All Characters Equal,Medium,55.3
weekly-contest-481,Weekly Contest 481,2025-12-21,4,minimum-swaps-to-avoid-forbidden-values,3785,Minimum Swaps to Avoid Forbidden Values,Hard,31.0
weekly-contest-481,Weekly Contest 481,2025-12-21,4,total-sum-of-interaction-cost-in-tree-groups,3786,Total Sum of Interaction Cost in Tree Groups,Hard,54.5
weekly-contest-482,Weekly Contest 482,2025-12-28,4,maximum-score-of-a-split,3788,Maximum Score of a Split,Medium,52.1
weekly-contest-482,Weekly Contest 482,2025-12-28,4,minimum-cost-to-acquire-required-items,3789,Minimum Cost to Acquire Required Items,Medium,35.2
weekly-contest-482,Weekly Contest 482,2025-12-28,4,smallest-all-ones-multiple,3790,Smallest All-Ones Multiple,Medium,47.1
weekly-contest-482,Weekly Contest 482,2025-12-28,4,number-of-balanced-integers-in-a-range,3791,Number of Balanced Integers in a Range,Hard,36.2
weekly-contest-483,Weekly Contest 483,2026-01-04,4,largest-even-number,3798,Largest Even Number,Easy,69.3
weekly-contest-483,Weekly Contest 483,2026-01-04,4,word-squares-ii,3799,Word Squares II,Medium,55.2
weekly-contest-483,Weekly Contest 483,2026-01-04,4,minimum-cost-to-make-two-binary-strings-equal,3800,Minimum Cost to Make Two Binary Strings Equal,Medium,39.7
weekly-contest-483,Weekly Contest 483,2026-01-04,4,minimum-cost-to-merge-sorted-lists,3801,Minimum Cost to Merge Sorted Lists,Hard,35.3
weekly-contest-484,Weekly Contest 484,2026-01-11,4,count-residue-prefixes,3803,Count Residue Prefixes,Easy,65.9
weekly-contest-484,Weekly Contest 484,2026-01-11,4,number-of-centered-subarrays,3804,Number of Centered Subarrays,Medium,67.4
weekly-contest-484,Weekly Contest 484,2026-01-11,4,count-caesar-cipher-pairs,3805,Count Caesar Cipher Pairs,Medium,51.5
weekly-contest-484,Weekly Contest 484,2026-01-11,4,maximum-bitwise-and-after-increment-operations,3806,Maximum Bitwise AND After Increment Operations,Hard,32.3
weekly-contest-485,Weekly Contest 485,2026-01-18,4,vowel-consonant-score,3813,Vowel-Consonant Score,Easy,53.8
weekly-contest-485,Weekly Contest 485,2026-01-18,4,maximum-capacity-within-budget,3814,Maximum Capacity Within Budget,Medium,20.6
weekly-contest-485,Weekly Contest 485,2026-01-18,4,design-auction-system,3815,Design Auction System,Medium,41.9
weekly-contest-485,Weekly Contest 485,2026-01-18,4,lexicographically-smallest-string-after-deleting-duplicate-characters,3816,Lexicographically Smallest String After Deleting Duplicate Characters,Hard,21.0
weekly-contest-486,Weekly Contest 486,2026-01-25,4,minimum-prefix-removal-to-make-array-strictly-increasing,3818,Minimum Prefix Removal to Make Array Strictly Increasing,Medium,74.1
weekly-contest-486,Weekly Contest 486,2026-01-25,4,rotate-non-negative-elements,3819,Rotate Non Negative Elements,Medium,48.1
weekly-contest-486,Weekly Contest 486,2026-01-25,4,pythagorean-distance-nodes-in-a-tree,3820,Pythagorean Distance Nodes in a Tree,Medium,58.0
weekly-contest-486,Weekly Contest 486,2026-01-25,4,find-nth-smallest-integer-with-k-one-bits,3821,Find Nth Smallest Integer With K One Bits,Hard,35.4
weekly-contest-487,Weekly Contest 487,2026-02-01,4,count-monobit-integers,3827,Count Monobit Integers,Easy,66.7
weekly-contest-487,Weekly Contest 487,2026-02-01,4,final-element-after-subarray-deletions,3828,Final Element After Subarray Deletions,Medium,41.1
weekly-contest-487,Weekly Contest 487,2026-02-01,4,design-ride-sharing-system,3829,Design Ride Sharing System,Medium,63.3
weekly-contest-487,Weekly Contest 487,2026-02-01,4,longest-alternating-subarray-after-removing-at-most-one-element,3830,Longest Alternating Subarray After Removing At Most One Element,Hard,31.5
weekly-contest-488,Weekly Contest 488,2026-02-08,4,count-dominant-indices,3833,Count Dominant Indices,Easy,66.2
weekly-contest-488,Weekly Contest 488,2026-02-08,4,merge-adjacent-equal-elements,3834,Merge Adjacent Equal Elements,Medium,42.6
weekly-contest-488,Weekly Contest 488,2026-02-08,4,count-subarrays-with-cost-less-than-or-equal-to-k,3835,Count Subarrays With Cost Less Than or Equal to K,Medium,46.3
weekly-contest-488,Weekly Contest 488,2026-02-08,4,maximum-score-using-exactly-k-pairs,3836,Maximum Score Using Exactly K Pairs,Hard,41.8
weekly-contest-489,Weekly Contest 489,2026-02-15,4,toggle-light-bulbs,3842,Toggle Light Bulbs,Easy,72.0
weekly-contest-489,Weekly Contest 489,2026-02-15,4,first-element-with-unique-frequency,3843,First Element with Unique Frequency,Medium,70.3
weekly-contest-489,Weekly Contest 489,2026-02-15,4,longest-almost-palindromic-substring,3844,Longest Almost-Palindromic Substring,Medium,22.8
weekly-contest-489,Weekly Contest 489,2026-02-15,4,maximum-subarray-xor-with-bounded-range,3845,Maximum Subarray XOR with Bounded Range,Hard,33.3
weekly-contest-490,Weekly Contest 490,2026-02-22,4,find-the-score-difference-in-a-game,3847,Find the Score Difference in a Game,Medium,72.6
weekly-contest-490,Weekly Contest 490,2026-02-22,4,check-digitorial-permutation,3848,Check Digitorial Permutation,Medium,46.9
weekly-contest-490,Weekly Contest 490,2026-02-22,4,maximum-bitwise-xor-after-rearrangement,3849,Maximum Bitwise XOR After Rearrangement,Medium,71.5
weekly-contest-490,Weekly Contest 490,2026-02-22,4,count-sequences-to-k,3850,Count Sequences to K,Hard,36.2
weekly-contest-491,Weekly Contest 491,2026-03-01,4,trim-trailing-vowels,3856,Trim Trailing Vowels,Easy,77.6
weekly-contest-491,Weekly Contest 491,2026-03-01,4,minimum-cost-to-split-into-ones,3857,Minimum Cost to Split into Ones,Medium,82.5
weekly-contest-491,Weekly Contest 491,2026-03-01,4,minimum-bitwise-or-from-grid,3858,Minimum Bitwise OR From Grid,Medium,27.4
weekly-contest-491,Weekly Contest 491,2026-03-01,4,count-subarrays-with-k-distinct-integers,3859,Count Subarrays With K Distinct Integers,Hard,20.6
weekly-contest-492,Weekly Contest 492,2026-03-08,4,minimum-capacity-box,3861,Minimum Capacity Box,Easy,72.9
weekly-contest-492,Weekly Contest 492,2026-03-08,4,find-the-smallest-balanced-index,3862,Find the Smallest Balanced Index,Medium,19.5
weekly-contest-492,Weekly Contest 492,2026-03-08,4,minimum-operations-to-sort-a-string,3863,Minimum Operations to Sort a String,Medium,19.3
weekly-contest-492,Weekly Contest 492,2026-03-08,4,minimum-cost-to-partition-a-binary-string,3864,Minimum Cost to Partition a Binary String,Hard,52.7
weekly-contest-493,Weekly Contest 493,2026-03-15,4,count-commas-in-range,3870,Count Commas in Range,Easy,69.2
weekly-contest-493,Weekly Contest 493,2026-03-15,4,count-commas-in-range-ii,3871,Count Commas in Range II,Medium,41.0
weekly-contest-493,Weekly Contest 493,2026-03-15,4,longest-arithmetic-sequence-after-changing-at-most-one-element,3872,Longest Arithmetic Sequence After Changing At Most One Element,Medium,21.6
weekly-contest-493,Weekly Contest 493,2026-03-15,4,maximum-points-activated-with-one-addition,3873,Maximum Points Activated with One Addition,Hard,44.6
weekly-contest-494,Weekly Contest 494,2026-03-22,4,construct-uniform-parity-array-i,3875,Construct Uniform Parity Array I,Easy,76.7
weekly-contest-494,Weekly Contest 494,2026-03-22,4,construct-uniform-parity-array-ii,3876,Construct Uniform Parity Array II,Medium,50.3
weekly-contest-494,Weekly Contest 494,2026-03-22,4,minimum-removals-to-achieve-target-xor,3877,Minimum Removals to Achieve Target XOR,Medium,41.8
weekly-contest-494,Weekly Contest 494,2026-03-22,4,count-good-subarrays,3878,Count Good Subarrays,Hard,25.7
weekly-contest-495,Weekly Contest 495,2026-03-29,4,first-matching-character-from-both-ends,3884,First Matching Character From Both Ends,Easy,82.2
weekly-contest-495,Weekly Contest 495,2026-03-29,4,design-event-manager,3885,Design Event Manager,Medium,50.9
weekly-contest-495,Weekly Contest 495,2026-03-29,4,sum-of-sortable-integers,3886,Sum of Sortable Integers,Hard,31.7
weekly-contest-495,Weekly Contest 495,2026-03-29,4,incremental-even-weighted-cycle-queries,3887,Incremental Even-Weighted Cycle Queries,Hard,51.9
weekly-contest-496,Weekly Contest 496,2026-04-05,4,mirror-frequency-distance,3889,Mirror Frequency Distance,Medium,61.0
weekly-contest-496,Weekly Contest 496,2026-04-05,4,integers-with-multiple-sum-of-two-cubes,3890,Integers With Multiple Sum of Two Cubes,Medium,55.5
weekly-contest-496,Weekly Contest 496,2026-04-05,4,minimum-increase-to-maximize-special-indices,3891,Minimum Increase to Maximize Special Indices,Medium,19.9
weekly-contest-496,Weekly Contest 496,2026-04-05,4,minimum-operations-to-achieve-at-least-k-peaks,3892,Minimum Operations to Achieve At Least K Peaks,Hard,30.7
weekly-contest-497,Weekly Contest 497,2026-04-12,4,find-the-degree-of-each-vertex,3898,Find the Degree of Each Vertex,Easy,92.6
weekly-contest-497,Weekly Contest 497,2026-04-12,4,angles-of-a-triangle,3899,Angles of a Triangle,Medium,62.3
weekly-contest-497,Weekly Contest 497,2026-04-12,4,longest-balanced-substring-after-one-swap,3900,Longest Balanced Substring After One Swap,Medium,14.0
weekly-contest-497,Weekly Contest 497,2026-04-12,4,good-subsequence-queries,3901,Good Subsequence Queries,Hard,20.5
weekly-contest-498,Weekly Contest 498,2026-04-19,4,smallest-stable-index-i,3903,Smallest Stable Index I,Easy,68.6
weekly-contest-498,Weekly Contest 498,2026-04-19,4,smallest-stable-index-ii,3904,Smallest Stable Index II,Medium,73.5
weekly-contest-498,Weekly Contest 498,2026-04-19,4,multi-source-flood-fill,3905,Multi Source Flood Fill,Medium,55.9
weekly-contest-498,Weekly Contest 498,2026-04-19,4,count-good-integers-on-a-grid-path,3906,Count Good Integers on a Grid Path,Hard,49.2
weekly-contest-499,Weekly Contest 499,2026-04-26,4,valid-elements-in-an-array,3912,Valid Elements in an Array,Easy,57.3
weekly-contest-499,Weekly Contest 499,2026-04-26,4,sort-vowels-by-frequency,3913,Sort Vowels by Frequency,Medium,62.9
weekly-contest-499,Weekly Contest 499,2026-04-26,4,minimum-operations-to-make-array-non-decreasing,3914,Minimum Operations to Make Array Non Decreasing,Medium,55.6
weekly-contest-499,Weekly Contest 499,2026-04-26,4,maximum-sum-of-alternating-subsequence-with-distance-at-least-k,3915,Maximum Sum of Alternating Subsequence With Distance at Least K,Hard,32.2
weekly-contest-500,Weekly Contest 500,2026-05-03,4,count-indices-with-opposite-parity,3917,Count Indices With Opposite Parity,Easy,81.9
weekly-contest-500,Weekly Contest 500,2026-05-03,4,sum-of-primes-between-number-and-its-reverse,3918,Sum of Primes Between Number and Its Reverse,Medium,76.3
weekly-contest-500,Weekly Contest 500,2026-05-03,4,minimum-cost-to-move-between-indices,3919,Minimum Cost to Move Between Indices,Medium,50.7
weekly-contest-500,Weekly Contest 500,2026-05-03,4,maximize-fixed-points-after-deletions,3920,Maximize Fixed Points After Deletions,Hard,19.8
weekly-contest-501,Weekly Contest 501,2026-05-10,4,concatenate-array-with-reverse,3925,Concatenate Array With Reverse,Easy,91.8
weekly-contest-501,Weekly Contest 501,2026-05-10,4,count-valid-word-occurrences,3926,Count Valid Word Occurrences,Medium,48.4
weekly-contest-501,Weekly Contest 501,2026-05-10,4,minimize-array-sum-using-divisible-replacements,3927,Minimize Array Sum Using Divisible Replacements,Medium,32.2
weekly-contest-501,Weekly Contest 501,2026-05-10,4,minimum-cost-to-buy-apples-ii,3928,Minimum Cost to Buy Apples II,Hard,31.9
weekly-contest-502,Weekly Contest 502,2026-05-17,4,check-adjacent-digit-differences,3931,Check Adjacent Digit Differences,Easy,78.0
weekly-contest-502,Weekly Contest 502,2026-05-17,4,count-k-th-roots-in-a-range,3932,Count K-th Roots in a Range,Medium,24.6
weekly-contest-502,Weekly Contest 502,2026-05-17,4,largest-local-values-in-a-matrix-ii,3933,Largest Local Values in a Matrix II,Medium,18.7
weekly-contest-502,Weekly Contest 502,2026-05-17,4,smallest-unique-subarray,3934,Smallest Unique Subarray,Hard,40.9
weekly-contest-503,Weekly Contest 503,2026-05-24,4,limit-occurrences-in-sorted-array,3940,Limit Occurrences in Sorted Array,Easy,73.4
weekly-contest-503,Weekly Contest 503,2026-05-24,4,password-strength,3941,Password Strength,Medium,75.2
weekly-contest-503,Weekly Contest 503,2026-05-24,4,minimum-operations-to-sort-a-permutation,3942,Minimum Operations to Sort a Permutation,Medium,27.9
weekly-contest-503,Weekly Contest 503,2026-05-24,4,number-of-pairs-after-increment,3943,Number of Pairs After Increment,Hard,21.1
weekly-contest-504,Weekly Contest 504,2026-05-31,4,digit-frequency-score,3945,Digit Frequency Score,Easy,91.6
weekly-contest-504,Weekly Contest 504,2026-05-31,4,maximum-number-of-items-from-sale-i,3946,Maximum Number of Items From Sale I,Medium,37.4
weekly-contest-504,Weekly Contest 504,2026-05-31,4,maximum-number-of-items-from-sale-ii,3947,Maximum Number of Items From Sale II,Medium,30.7
weekly-contest-504,Weekly Contest 504,2026-05-31,4,lexicographically-maximum-mex-array,3948,Lexicographically Maximum MEX Array,Hard,57.2
weekly-contest-505,Weekly Contest 505,2026-06-07,4,sum-of-compatible-numbers-in-range-i,3954,Sum of Compatible Numbers in Range I,Easy,58.9
weekly-contest-505,Weekly Contest 505,2026-06-07,4,valid-binary-strings-with-cost-limit,3955,Valid Binary Strings With Cost Limit,Medium,79.0
weekly-contest-505,Weekly Contest 505,2026-06-07,4,maximum-sum-of-m-non-overlapping-subarrays-i,3956,Maximum Sum of M Non-Overlapping Subarrays I,Hard,26.6
weekly-contest-505,Weekly Contest 505,2026-06-07,4,maximum-sum-of-m-non-overlapping-subarrays-ii,3957,Maximum Sum of M Non-Overlapping Subarrays II,Hard,16.1
weekly-contest-506,Weekly Contest 506,2026-06-14,4,check-good-integer,3959,Check Good Integer,Easy,83.2
weekly-contest-506,Weekly Contest 506,2026-06-14,4,frequency-balance-subarray,3960,Frequency Balance Subarray,Medium,29.4
weekly-contest-506,Weekly Contest 506,2026-06-14,4,maximize-sum-of-device-ratings,3961,Maximize Sum of Device Ratings,Medium,39.4
weekly-contest-506,Weekly Contest 506,2026-06-14,4,maximum-subarray-sum-after-at-most-k-swaps,3962,Maximum Subarray Sum After at Most K Swaps,Hard,14.1
weekly-contest-507,Weekly Contest 507,2026-06-21,4,maximum-manhattan-distance-after-all-moves,3968,Maximum Manhattan Distance After All Moves,Medium,63.6
weekly-contest-507,Weekly Contest 507,2026-06-21,4,valid-subarrays-with-matching-sum-digits-i,3969,Valid Subarrays With Matching Sum Digits I,Medium,46.7
weekly-contest-507,Weekly Contest 507,2026-06-21,4,shortest-path-with-at-most-k-consecutive-identical-characters,3970,Shortest Path With At Most K Consecutive Identical Characters,Medium,45.2
weekly-contest-507,Weekly Contest 507,2026-06-21,4,maximum-total-value,3971,Maximum Total Value,Hard,30.3
weekly-contest-508,Weekly Contest 508,2026-06-28,4,maximum-total-sum-of-k-selected-elements,3974,Maximum Total Sum of K Selected Elements,Medium,49.4
weekly-contest-508,Weekly Contest 508,2026-06-28,4,filter-occupied-intervals,3975,Filter Occupied Intervals,Medium,45.9
weekly-contest-508,Weekly Contest 508,2026-06-28,4,maximum-subarray-sum-after-multiplier,3976,Maximum Subarray Sum After Multiplier,Medium,26.1
weekly-contest-508,Weekly Contest 508,2026-06-28,4,minimum-time-to-reach-target-with-limited-power,3977,Minimum Time to Reach Target With Limited Power,Hard,41.4
weekly-contest-509,Weekly Contest 509,2026-07-05,4,sum-of-integers-with-maximum-digit-range,3982,Sum of Integers with Maximum Digit Range,Easy,72.9
weekly-contest-509,Weekly Contest 509,2026-07-05,4,subsequence-after-one-replacement,3983,Subsequence After One Replacement,Medium,21.7
weekly-contest-509,Weekly Contest 509,2026-07-05,4,divisible-game,3984,Divisible Game,Medium,42.4
weekly-contest-509,Weekly Contest 509,2026-07-05,4,palindromic-subarray-sum,3985,Palindromic Subarray Sum,Hard,34.2
weekly-contest-510,Weekly Contest 510,2026-07-12,4,number-of-elapsed-seconds-between-two-times,3986,Number of Elapsed Seconds Between Two Times,Easy,82.1
weekly-contest-510,Weekly Contest 510,2026-07-12,4,minimum-total-cost-to-process-all-elements,3987,Minimum Total Cost to Process All Elements,Medium,24.8
weekly-contest-510,Weekly Contest 510,2026-07-12,4,create-grid-with-exactly-k-paths-i,3988,Create Grid With Exactly K Paths I,Medium,32.7
weekly-contest-510,Weekly Contest 510,2026-07-12,4,maximum-consistent-columns-in-a-grid,3989,Maximum Consistent Columns in a Grid,Hard,68.7
weekly-contest-511,Weekly Contest 511,2026-07-19,4,even-number-of-knight-moves,3996,Even Number of Knight Moves,Easy,74.7
weekly-contest-511,Weekly Contest 511,2026-07-19,4,count-dominant-nodes-in-a-binary-tree,3997,Count Dominant Nodes in a Binary Tree,Medium,72.2
weekly-contest-511,Weekly Contest 511,2026-07-19,4,transform-binary-string-using-subsequence-sort,3998,Transform Binary String Using Subsequence Sort,Medium,37.7
weekly-contest-511,Weekly Contest 511,2026-07-19,4,minimum-number-of-string-groups-through-transformations,3999,Minimum Number of String Groups Through Transformations,Hard,47.9
weekly-contest-512,Weekly Contest 512,2026-07-26,4,largest-integer-with-given-digit-sum,4000,Largest Integer With Given Digit Sum,Easy,61.2
weekly-contest-512,Weekly Contest 512,2026-07-26,4,aggregate-two-time-series,4001,Aggregate Two Time Series,Medium,56.7
weekly-contest-512,Weekly Contest 512,2026-07-26,4,count-valid-sequences,4002,Count Valid Sequences,Medium,43.4
weekly-contest-512,Weekly Contest 512,2026-07-26,4,minimum-cost-path-with-alternating-directions-iii,4003,Minimum Cost Path with Alternating Directions III,Hard,60.4
weekly-contest-513,Weekly Contest 513,2026-08-02,4,maximize-pair-strength-using-gcd,4010,Maximize Pair Strength Using GCD,Easy,48.7
weekly-contest-513,Weekly Contest 513,2026-08-02,4,count-subarrays-with-even-odd-ratio-i,4011,Count Subarrays With Even Odd Ratio I,Medium,59.2
weekly-contest-513,Weekly Contest 513,2026-08-02,4,count-of-unfinished-tasks-after-each-shift,4012,Count of Unfinished Tasks After Each Shift,Medium,38.7
weekly-contest-513,Weekly Contest 513,2026-08-02,4,count-subarrays-with-even-odd-ratio-ii,4013,Count Subarrays With Even Odd Ratio II,Hard,32.7
weekly-contest-514,Weekly Contest 514,2026-08-09,4,minimum-total-price-after-applying-discounts,4014,Minimum Total Price After Applying Discounts,Medium,68.4
weekly-contest-514,Weekly Contest 514,2026-08-09,4,weighted-sum-of-a-tree,4015,Weighted Sum of a Tree,Medium,39.6
weekly-contest-514,Weekly Contest 514,2026-08-09,4,maximum-area-of-two-non-overlapping-square-submatrices,4016,Maximum Area of Two Non-Overlapping Square Submatrices,Medium,35.3
weekly-contest-514,Weekly Contest 514,2026-08-09,4,peaks-in-array-ii,4017,Peaks in Array II,Hard,20.1
weekly-contest-515,Weekly Contest 515,2026-08-16,4,nearest-available-drone,4024,Nearest Available Drone,Easy,64.9
weekly-contest-515,Weekly Contest 515,2026-08-16,4,minimize-the-maximum-waiting-time-at-synchronized-traffic-lights,4025,Minimize the Maximum Waiting Time at Synchronized Traffic Lights,Medium,61.6
weekly-contest-515,Weekly Contest 515,2026-08-16,4,maximum-gap-between-stations,4026,Maximum Gap Between Stations,Medium,53.7
weekly-contest-515,Weekly Contest 515,2026-08-16,4,elevator-requests-iii,4027,Elevator Requests III,Hard,37.1
